CREATE TABLE IF NOT EXISTS "CyRanch_Connect_event" ("id" integer NOT NULL PRIMARY KEY AUTOINCREMENT, "name" varchar(200) NULL, "description" text NULL, "date" datetime NOT NULL, "points" integer NOT NULL, "location" varchar(200) NULL, "event_id" varchar(50) NULL, "token" integer NOT NULL);
INSERT INTO "CyRanch_Connect_event" VALUES(1,'Football Game vs. Bridgeland','Join us for the game against Bridgeland','2023-04-19 23:00:00',1,'Cypress Ranch High School','football',0);
INSERT INTO "CyRanch_Connect_event" VALUES(2,'FBLA Chick-fil-A Social','Join us at Chick-fil-A to raise money for FBLA!','2023-03-25 17:00:00',4,'Chick-fil-A, Barker Cypress Road, Cypress, TX','fblasocial',780144);
INSERT INTO "CyRanch_Connect_event" VALUES(3,'Key Club Social','Join us for a fun social event at Coldstone to raise money for the club!','2023-04-04 13:02:00',1,'2162 Spring Stuebner Rd, Spring, TX','keyclub',0);
INSERT INTO "CyRanch_Connect_event" VALUES(4,'Golf Game vs. CyWoods','Support the mustang golfers during their game against CyWoods HS','2023-03-30 13:00:00',2,'Cypress Woods High School','golf',0);
INSERT INTO "CyRanch_Connect_event" VALUES(5,'Tennis Game vs. CySpring','Come to see the tennis game against Cypress Springs High School, spirit wear will also be sold at this event','2023-04-21 23:00:00',1,'Cypress Ranch High School','tennis',0);
INSERT INTO "CyRanch_Connect_event" VALUES(6,'Girls Basketball Game vs. CySprings','Come and support our female basketball players at CySprings!','2023-03-27 22:00:00',2,'Cypress Springs High School','basketball',0);
INSERT INTO "CyRanch_Connect_event" VALUES(7,'Wrestling Game vs. CyPark','Support the Mustang Wrestlers in their game against CyPark!','2023-03-30 00:30:00',1,'Cypress Ranch High School','wrestling',0);
INSERT INTO "CyRanch_Connect_event" VALUES(8,'Model UN Animal Conference','Join Model UN for a fun conference where you represent an animal species instead of a country! Snacks will be provided!','2023-02-08 18:00:00',3,'Bridgeland High School','muncon',0);
INSERT INTO "CyRanch_Connect_event" VALUES(9,'Mu Alpha Theta Donation Drive','Bring school supplies and Kleenex  to support our CyRanch math teachers!','2023-03-29 11:00:00',3,'Cypress Ranch High School - Room 3034','mat',0);
INSERT INTO "CyRanch_Connect_event" VALUES(10,'Mustang Puzzle Competition','Join us for the annual Mustang Puzzle Competition and have a chance of winning gift cards and spirit wear!','2023-03-30 05:49:04',1,'Cypress Ranch High School Cafeteria','puzzle',221300);
INSERT INTO "CyRanch_Connect_event" VALUES(14,'Test','Test Description','2023-03-24 17:00:00',20,'Test Location','testid',0);
CREATE INDEX IF NOT EXISTS "CyRanch_Connect_event_event_id_cf6637c4" ON "CyRanch_Connect_event" ("event_id");
CREATE UNIQUE INDEX "CyRanch_Connect_event_attendees_event_id_student_id_fdce72e8_uniq" ON "CyRanch_Connect_event_attendees" ("event_id", "student_id");
CREATE INDEX IF NOT EXISTS "CyRanch_Connect_event_attendees_event_id_1aa4fa3e" ON "CyRanch_Connect_event_attendees" ("event_id");
CREATE INDEX IF NOT EXISTS "CyRanch_Connect_event_attendees_student_id_bf03ef63" ON "CyRanch_Connect_event_attendees" ("student_id");
CREATE INDEX IF NOT EXISTS "CyRanch_Connect_prize_event_id_48d0deb2" ON "CyRanch_Connect_prize" ("event_id");
CREATE UNIQUE INDEX "auth_group_permissions_group_id_permission_id_0cd325b0_uniq" ON "auth_group_permissions" ("group_id", "permission_id");
CREATE INDEX IF NOT EXISTS "auth_group_permissions_group_id_b120cbf9" ON "auth_group_permissions" ("group_id");
CREATE INDEX IF NOT EXISTS "auth_group_permissions_permission_id_84c5c92e" ON "auth_group_permissions" ("permission_id");
CREATE UNIQUE INDEX "auth_permission_content_type_id_codename_01ab375a_uniq" ON "auth_permission" ("content_type_id", "codename");
CREATE INDEX IF NOT EXISTS "auth_permission_content_type_id_2f476e4b" ON "auth_permission" ("content_type_id");
CREATE UNIQUE INDEX "auth_user_groups_user_id_group_id_94350c0c_uniq" ON "auth_user_groups" ("user_id", "group_id");
CREATE INDEX IF NOT EXISTS "auth_user_groups_user_id_6a12ed8b" ON "auth_user_groups" ("user_id");
CREATE INDEX IF NOT EXISTS "auth_user_groups_group_id_97559544" ON "auth_user_groups" ("group_id");
CREATE UNIQUE INDEX "auth_user_user_permissions_user_id_permission_id_14a6b632_uniq" ON "auth_user_user_permissions" ("user_id", "permission_id");
CREATE INDEX IF NOT EXISTS "auth_user_user_permissions_user_id_a95ead1b" ON "auth_user_user_permissions" ("user_id");
CREATE INDEX IF NOT EXISTS "auth_user_user_permissions_permission_id_1fbb5f2c" ON "auth_user_user_permissions" ("permission_id");
CREATE INDEX IF NOT EXISTS "django_admin_log_content_type_id_c4bce8eb" ON "django_admin_log" ("content_type_id");
CREATE INDEX IF NOT EXISTS "django_admin_log_user_id_c564eba6" ON "django_admin_log" ("user_id");
CREATE UNIQUE INDEX "django_content_type_app_label_model_76bd3d3b_uniq" ON "django_content_type" ("app_label", "model");
CREATE INDEX IF NOT EXISTS "django_session_expire_date_a5c62663" ON "django_session" ("expire_date");
CREATE TABLE IF NOT EXISTS "CyRanch_Connect_event_attendees" ("id" integer NOT NULL PRIMARY KEY AUTOINCREMENT, "event_id" bigint NOT NULL REFERENCES "CyRanch_Connect_event" ("id") DEFERRABLE INITIALLY DEFERRED, "student_id" bigint NOT NULL REFERENCES "CyRanch_Connect_student" ("id") DEFERRABLE INITIALLY DEFERRED);
CREATE INDEX IF NOT EXISTS "CyRanch_Connect_event_event_id_cf6637c4" ON "CyRanch_Connect_event" ("event_id");
CREATE UNIQUE INDEX "CyRanch_Connect_event_attendees_event_id_student_id_fdce72e8_uniq" ON "CyRanch_Connect_event_attendees" ("event_id", "student_id");
CREATE INDEX IF NOT EXISTS "CyRanch_Connect_event_attendees_event_id_1aa4fa3e" ON "CyRanch_Connect_event_attendees" ("event_id");
CREATE INDEX IF NOT EXISTS "CyRanch_Connect_event_attendees_student_id_bf03ef63" ON "CyRanch_Connect_event_attendees" ("student_id");
CREATE INDEX IF NOT EXISTS "CyRanch_Connect_prize_event_id_48d0deb2" ON "CyRanch_Connect_prize" ("event_id");
CREATE UNIQUE INDEX "auth_group_permissions_group_id_permission_id_0cd325b0_uniq" ON "auth_group_permissions" ("group_id", "permission_id");
CREATE INDEX IF NOT EXISTS "auth_group_permissions_group_id_b120cbf9" ON "auth_group_permissions" ("group_id");
CREATE INDEX IF NOT EXISTS "auth_group_permissions_permission_id_84c5c92e" ON "auth_group_permissions" ("permission_id");
CREATE UNIQUE INDEX "auth_permission_content_type_id_codename_01ab375a_uniq" ON "auth_permission" ("content_type_id", "codename");
CREATE INDEX IF NOT EXISTS "auth_permission_content_type_id_2f476e4b" ON "auth_permission" ("content_type_id");
CREATE UNIQUE INDEX "auth_user_groups_user_id_group_id_94350c0c_uniq" ON "auth_user_groups" ("user_id", "group_id");
CREATE INDEX IF NOT EXISTS "auth_user_groups_user_id_6a12ed8b" ON "auth_user_groups" ("user_id");
CREATE INDEX IF NOT EXISTS "auth_user_groups_group_id_97559544" ON "auth_user_groups" ("group_id");
CREATE UNIQUE INDEX "auth_user_user_permissions_user_id_permission_id_14a6b632_uniq" ON "auth_user_user_permissions" ("user_id", "permission_id");
CREATE INDEX IF NOT EXISTS "auth_user_user_permissions_user_id_a95ead1b" ON "auth_user_user_permissions" ("user_id");
CREATE INDEX IF NOT EXISTS "auth_user_user_permissions_permission_id_1fbb5f2c" ON "auth_user_user_permissions" ("permission_id");
CREATE INDEX IF NOT EXISTS "django_admin_log_content_type_id_c4bce8eb" ON "django_admin_log" ("content_type_id");
CREATE INDEX IF NOT EXISTS "django_admin_log_user_id_c564eba6" ON "django_admin_log" ("user_id");
CREATE UNIQUE INDEX "django_content_type_app_label_model_76bd3d3b_uniq" ON "django_content_type" ("app_label", "model");
CREATE INDEX IF NOT EXISTS "django_session_expire_date_a5c62663" ON "django_session" ("expire_date");
CREATE TABLE IF NOT EXISTS "CyRanch_Connect_prize" ("id" integer NOT NULL PRIMARY KEY AUTOINCREMENT, "description" text NULL, "name" varchar(100) NULL, "price" integer NULL, "thumbnail" varchar(100) NULL, "event_id" varchar(50) NULL);
INSERT INTO "CyRanch_Connect_prize" VALUES(1,'Grab a tasty cookie for free at lunch','Cookie',50,'uploads/american-heritage-chocolate-HuzdnhOfTKs-unsplash.jpg',NULL);
INSERT INTO "CyRanch_Connect_prize" VALUES(2,'A comfy hoodie that also allows you to show your support for the mustangs!','Mustang Nation Hoodie',100,'uploads/s802874741113622496_p64_i1_w876.webp',NULL);
INSERT INTO "CyRanch_Connect_prize" VALUES(3,'Skip the lunch line!','Lunch Line Fast Pass',30,'uploads/lunch_line_fast_pass_ivnEmP0.jpg',NULL);
CREATE INDEX IF NOT EXISTS "CyRanch_Connect_event_event_id_cf6637c4" ON "CyRanch_Connect_event" ("event_id");
CREATE UNIQUE INDEX "CyRanch_Connect_event_attendees_event_id_student_id_fdce72e8_uniq" ON "CyRanch_Connect_event_attendees" ("event_id", "student_id");
CREATE INDEX IF NOT EXISTS "CyRanch_Connect_event_attendees_event_id_1aa4fa3e" ON "CyRanch_Connect_event_attendees" ("event_id");
CREATE INDEX IF NOT EXISTS "CyRanch_Connect_event_attendees_student_id_bf03ef63" ON "CyRanch_Connect_event_attendees" ("student_id");
CREATE INDEX IF NOT EXISTS "CyRanch_Connect_prize_event_id_48d0deb2" ON "CyRanch_Connect_prize" ("event_id");
CREATE UNIQUE INDEX "auth_group_permissions_group_id_permission_id_0cd325b0_uniq" ON "auth_group_permissions" ("group_id", "permission_id");
CREATE INDEX IF NOT EXISTS "auth_group_permissions_group_id_b120cbf9" ON "auth_group_permissions" ("group_id");
CREATE INDEX IF NOT EXISTS "auth_group_permissions_permission_id_84c5c92e" ON "auth_group_permissions" ("permission_id");
CREATE UNIQUE INDEX "auth_permission_content_type_id_codename_01ab375a_uniq" ON "auth_permission" ("content_type_id", "codename");
CREATE INDEX IF NOT EXISTS "auth_permission_content_type_id_2f476e4b" ON "auth_permission" ("content_type_id");
CREATE UNIQUE INDEX "auth_user_groups_user_id_group_id_94350c0c_uniq" ON "auth_user_groups" ("user_id", "group_id");
CREATE INDEX IF NOT EXISTS "auth_user_groups_user_id_6a12ed8b" ON "auth_user_groups" ("user_id");
CREATE INDEX IF NOT EXISTS "auth_user_groups_group_id_97559544" ON "auth_user_groups" ("group_id");
CREATE UNIQUE INDEX "auth_user_user_permissions_user_id_permission_id_14a6b632_uniq" ON "auth_user_user_permissions" ("user_id", "permission_id");
CREATE INDEX IF NOT EXISTS "auth_user_user_permissions_user_id_a95ead1b" ON "auth_user_user_permissions" ("user_id");
CREATE INDEX IF NOT EXISTS "auth_user_user_permissions_permission_id_1fbb5f2c" ON "auth_user_user_permissions" ("permission_id");
CREATE INDEX IF NOT EXISTS "django_admin_log_content_type_id_c4bce8eb" ON "django_admin_log" ("content_type_id");
CREATE INDEX IF NOT EXISTS "django_admin_log_user_id_c564eba6" ON "django_admin_log" ("user_id");
CREATE UNIQUE INDEX "django_content_type_app_label_model_76bd3d3b_uniq" ON "django_content_type" ("app_label", "model");
CREATE INDEX IF NOT EXISTS "django_session_expire_date_a5c62663" ON "django_session" ("expire_date");
CREATE TABLE IF NOT EXISTS "CyRanch_Connect_student" ("id" integer NOT NULL PRIMARY KEY AUTOINCREMENT, "first_name" varchar(200) NOT NULL, "last_name" varchar(200) NOT NULL, "student_id" integer NULL, "email" varchar(200) NOT NULL, "points" integer NOT NULL, "user_id" integer NULL UNIQUE REFERENCES "auth_user" ("id") DEFERRABLE INITIALLY DEFERRED, "grade" integer NULL);
INSERT INTO "CyRanch_Connect_student" VALUES(1,'Siddharth','Radhakrishnan',173390,'srad0390@stu.cfisd.net',16,2,10);
INSERT INTO "CyRanch_Connect_student" VALUES(2,'Parth','Tiwari',111111,'ptiw0979@stu.cfisd.net',2,4,10);
INSERT INTO "CyRanch_Connect_student" VALUES(3,'Vyas','Sriman',934987,'vsri0915@stu.cfisd.net',10,5,11);
INSERT INTO "CyRanch_Connect_student" VALUES(4,'Michael','Juventavius',982734,'Mjuvent1234@stu.cfisd.net',3,6,12);
INSERT INTO "CyRanch_Connect_student" VALUES(5,'Brandon','Pham',823764,'Bpha0799@stu.cfisd.net',0,7,11);
INSERT INTO "CyRanch_Connect_student" VALUES(6,'Kayla','Pham',111112,'kpham1234@stu.cfisd.net',2,8,9);
INSERT INTO "CyRanch_Connect_student" VALUES(7,'Susan','Anderson',111113,'sanderson2354@stu.cfisd.net',1,9,11);
INSERT INTO "CyRanch_Connect_student" VALUES(8,'Nathan','Bert',256346,'nbert9753@stu.cfisd.net',3,10,9);
INSERT INTO "CyRanch_Connect_student" VALUES(9,'Jagadeep','Kalluri',554686,'jkallu9873@stu.cfisd.net',7,11,9);
INSERT INTO "CyRanch_Connect_student" VALUES(10,'Sam','Capistrant',112345,'scap4367@stu.cfisd.net',2,12,12);
CREATE INDEX IF NOT EXISTS "CyRanch_Connect_event_event_id_cf6637c4" ON "CyRanch_Connect_event" ("event_id");
CREATE UNIQUE INDEX "CyRanch_Connect_event_attendees_event_id_student_id_fdce72e8_uniq" ON "CyRanch_Connect_event_attendees" ("event_id", "student_id");
CREATE INDEX IF NOT EXISTS "CyRanch_Connect_event_attendees_event_id_1aa4fa3e" ON "CyRanch_Connect_event_attendees" ("event_id");
CREATE INDEX IF NOT EXISTS "CyRanch_Connect_event_attendees_student_id_bf03ef63" ON "CyRanch_Connect_event_attendees" ("student_id");
CREATE INDEX IF NOT EXISTS "CyRanch_Connect_prize_event_id_48d0deb2" ON "CyRanch_Connect_prize" ("event_id");
CREATE UNIQUE INDEX "auth_group_permissions_group_id_permission_id_0cd325b0_uniq" ON "auth_group_permissions" ("group_id", "permission_id");
CREATE INDEX IF NOT EXISTS "auth_group_permissions_group_id_b120cbf9" ON "auth_group_permissions" ("group_id");
CREATE INDEX IF NOT EXISTS "auth_group_permissions_permission_id_84c5c92e" ON "auth_group_permissions" ("permission_id");
CREATE UNIQUE INDEX "auth_permission_content_type_id_codename_01ab375a_uniq" ON "auth_permission" ("content_type_id", "codename");
CREATE INDEX IF NOT EXISTS "auth_permission_content_type_id_2f476e4b" ON "auth_permission" ("content_type_id");
CREATE UNIQUE INDEX "auth_user_groups_user_id_group_id_94350c0c_uniq" ON "auth_user_groups" ("user_id", "group_id");
CREATE INDEX IF NOT EXISTS "auth_user_groups_user_id_6a12ed8b" ON "auth_user_groups" ("user_id");
CREATE INDEX IF NOT EXISTS "auth_user_groups_group_id_97559544" ON "auth_user_groups" ("group_id");
CREATE UNIQUE INDEX "auth_user_user_permissions_user_id_permission_id_14a6b632_uniq" ON "auth_user_user_permissions" ("user_id", "permission_id");
CREATE INDEX IF NOT EXISTS "auth_user_user_permissions_user_id_a95ead1b" ON "auth_user_user_permissions" ("user_id");
CREATE INDEX IF NOT EXISTS "auth_user_user_permissions_permission_id_1fbb5f2c" ON "auth_user_user_permissions" ("permission_id");
CREATE INDEX IF NOT EXISTS "django_admin_log_content_type_id_c4bce8eb" ON "django_admin_log" ("content_type_id");
CREATE INDEX IF NOT EXISTS "django_admin_log_user_id_c564eba6" ON "django_admin_log" ("user_id");
CREATE UNIQUE INDEX "django_content_type_app_label_model_76bd3d3b_uniq" ON "django_content_type" ("app_label", "model");
CREATE INDEX IF NOT EXISTS "django_session_expire_date_a5c62663" ON "django_session" ("expire_date");
CREATE TABLE IF NOT EXISTS "admin_interface_theme" ("id" integer NOT NULL PRIMARY KEY AUTOINCREMENT, "name" varchar(50) NOT NULL UNIQUE, "active" bool NOT NULL, "title" varchar(50) NOT NULL, "title_visible" bool NOT NULL, "logo" varchar(100) NOT NULL, "logo_visible" bool NOT NULL, "css_header_background_color" varchar(10) NOT NULL, "css_header_text_color" varchar(10) NOT NULL, "css_header_link_color" varchar(10) NOT NULL, "css_header_link_hover_color" varchar(10) NOT NULL, "css_module_background_color" varchar(10) NOT NULL, "css_module_text_color" varchar(10) NOT NULL, "css_module_link_color" varchar(10) NOT NULL, "css_module_link_hover_color" varchar(10) NOT NULL, "css_module_rounded_corners" bool NOT NULL, "css_generic_link_color" varchar(10) NOT NULL, "css_generic_link_hover_color" varchar(10) NOT NULL, "css_save_button_background_color" varchar(10) NOT NULL, "css_save_button_background_hover_color" varchar(10) NOT NULL, "css_save_button_text_color" varchar(10) NOT NULL, "css_delete_button_background_color" varchar(10) NOT NULL, "css_delete_button_background_hover_color" varchar(10) NOT NULL, "css_delete_button_text_color" varchar(10) NOT NULL, "list_filter_dropdown" bool NOT NULL, "related_modal_active" bool NOT NULL, "related_modal_background_color" varchar(10) NOT NULL, "related_modal_rounded_corners" bool NOT NULL, "logo_color" varchar(10) NOT NULL, "title_color" varchar(10) NOT NULL, "recent_actions_visible" bool NOT NULL, "favicon" varchar(100) NOT NULL, "related_modal_background_opacity" varchar(5) NOT NULL, "env_name" varchar(50) NOT NULL, "env_color" varchar(10) NOT NULL, "env_visible_in_header" bool NOT NULL, "env_visible_in_favicon" bool NOT NULL, "related_modal_close_button_visible" bool NOT NULL, "language_chooser_active" bool NOT NULL, "language_chooser_display" varchar(10) NOT NULL, "list_filter_sticky" bool NOT NULL, "form_pagination_sticky" bool NOT NULL, "form_submit_sticky" bool NOT NULL, "css_module_background_selected_color" varchar(10) NOT NULL, "css_module_link_selected_color" varchar(10) NOT NULL, "logo_max_height" smallint unsigned NOT NULL CHECK ("logo_max_height" >= 0), "logo_max_width" smallint unsigned NOT NULL CHECK ("logo_max_width" >= 0), "foldable_apps" bool NOT NULL, "language_chooser_control" varchar(20) NOT NULL, "list_filter_highlight" bool NOT NULL, "list_filter_removal_links" bool NOT NULL, "show_fieldsets_as_tabs" bool NOT NULL, "show_inlines_as_tabs" bool NOT NULL);
INSERT INTO "admin_interface_theme" VALUES(1,'Django',0,'Django administration',1,'',1,'#0C4B33','#44B78B','#FFFFFF','#C9F0DD','#44B78B','#FFFFFF','#FFFFFF','#C9F0DD',1,'#0C3C26','#156641','#0C4B33','#0C3C26','#FFFFFF','#BA2121','#A41515','#FFFFFF',1,1,'#000000',1,'#FFFFFF','#F5DD5D',1,'','0.3','','#E74C3C',1,1,1,1,'code',1,0,0,'#FFFFCC','#FFFFFF',100,400,1,'default-select',1,0,0,0);
INSERT INTO "admin_interface_theme" VALUES(2,'CyRanch Connect',1,'CyRanch Connect Administration',1,'admin-interface/logo/Cy_Ranch_Logo_Cropped-1.png-removebg-preview.png',1,'#20296D','#FFD801','#FFFFFF','#FFFFFF','#20296D','#FFFFFF','#FFFFFF','#FFFFFF',1,'#20296D','#303EA6','#303EA6','#20296D','#FFFFFF','#BA2121','#A41515','#FFFFFF',1,1,'#000000',1,'#FFFFFF','#FFD801',1,'admin-interface/favicon/favicon.ico','0.3','','#FFD801',1,0,1,1,'code',1,0,0,'#CDE6FF','#FFFFFF',100,400,1,'default-select',1,0,0,0);
CREATE INDEX IF NOT EXISTS "CyRanch_Connect_event_event_id_cf6637c4" ON "CyRanch_Connect_event" ("event_id");
CREATE UNIQUE INDEX "CyRanch_Connect_event_attendees_event_id_student_id_fdce72e8_uniq" ON "CyRanch_Connect_event_attendees" ("event_id", "student_id");
CREATE INDEX IF NOT EXISTS "CyRanch_Connect_event_attendees_event_id_1aa4fa3e" ON "CyRanch_Connect_event_attendees" ("event_id");
CREATE INDEX IF NOT EXISTS "CyRanch_Connect_event_attendees_student_id_bf03ef63" ON "CyRanch_Connect_event_attendees" ("student_id");
CREATE INDEX IF NOT EXISTS "CyRanch_Connect_prize_event_id_48d0deb2" ON "CyRanch_Connect_prize" ("event_id");
CREATE UNIQUE INDEX "auth_group_permissions_group_id_permission_id_0cd325b0_uniq" ON "auth_group_permissions" ("group_id", "permission_id");
CREATE INDEX IF NOT EXISTS "auth_group_permissions_group_id_b120cbf9" ON "auth_group_permissions" ("group_id");
CREATE INDEX IF NOT EXISTS "auth_group_permissions_permission_id_84c5c92e" ON "auth_group_permissions" ("permission_id");
CREATE UNIQUE INDEX "auth_permission_content_type_id_codename_01ab375a_uniq" ON "auth_permission" ("content_type_id", "codename");
CREATE INDEX IF NOT EXISTS "auth_permission_content_type_id_2f476e4b" ON "auth_permission" ("content_type_id");
CREATE UNIQUE INDEX "auth_user_groups_user_id_group_id_94350c0c_uniq" ON "auth_user_groups" ("user_id", "group_id");
CREATE INDEX IF NOT EXISTS "auth_user_groups_user_id_6a12ed8b" ON "auth_user_groups" ("user_id");
CREATE INDEX IF NOT EXISTS "auth_user_groups_group_id_97559544" ON "auth_user_groups" ("group_id");
CREATE UNIQUE INDEX "auth_user_user_permissions_user_id_permission_id_14a6b632_uniq" ON "auth_user_user_permissions" ("user_id", "permission_id");
CREATE INDEX IF NOT EXISTS "auth_user_user_permissions_user_id_a95ead1b" ON "auth_user_user_permissions" ("user_id");
CREATE INDEX IF NOT EXISTS "auth_user_user_permissions_permission_id_1fbb5f2c" ON "auth_user_user_permissions" ("permission_id");
CREATE INDEX IF NOT EXISTS "django_admin_log_content_type_id_c4bce8eb" ON "django_admin_log" ("content_type_id");
CREATE INDEX IF NOT EXISTS "django_admin_log_user_id_c564eba6" ON "django_admin_log" ("user_id");
CREATE UNIQUE INDEX "django_content_type_app_label_model_76bd3d3b_uniq" ON "django_content_type" ("app_label", "model");
CREATE INDEX IF NOT EXISTS "django_session_expire_date_a5c62663" ON "django_session" ("expire_date");
CREATE TABLE IF NOT EXISTS "auth_group" ("id" integer NOT NULL PRIMARY KEY AUTOINCREMENT, "name" varchar(150) NOT NULL UNIQUE);
CREATE INDEX IF NOT EXISTS "CyRanch_Connect_event_event_id_cf6637c4" ON "CyRanch_Connect_event" ("event_id");
CREATE UNIQUE INDEX "CyRanch_Connect_event_attendees_event_id_student_id_fdce72e8_uniq" ON "CyRanch_Connect_event_attendees" ("event_id", "student_id");
CREATE INDEX IF NOT EXISTS "CyRanch_Connect_event_attendees_event_id_1aa4fa3e" ON "CyRanch_Connect_event_attendees" ("event_id");
CREATE INDEX IF NOT EXISTS "CyRanch_Connect_event_attendees_student_id_bf03ef63" ON "CyRanch_Connect_event_attendees" ("student_id");
CREATE INDEX IF NOT EXISTS "CyRanch_Connect_prize_event_id_48d0deb2" ON "CyRanch_Connect_prize" ("event_id");
CREATE UNIQUE INDEX "auth_group_permissions_group_id_permission_id_0cd325b0_uniq" ON "auth_group_permissions" ("group_id", "permission_id");
CREATE INDEX IF NOT EXISTS "auth_group_permissions_group_id_b120cbf9" ON "auth_group_permissions" ("group_id");
CREATE INDEX IF NOT EXISTS "auth_group_permissions_permission_id_84c5c92e" ON "auth_group_permissions" ("permission_id");
CREATE UNIQUE INDEX "auth_permission_content_type_id_codename_01ab375a_uniq" ON "auth_permission" ("content_type_id", "codename");
CREATE INDEX IF NOT EXISTS "auth_permission_content_type_id_2f476e4b" ON "auth_permission" ("content_type_id");
CREATE UNIQUE INDEX "auth_user_groups_user_id_group_id_94350c0c_uniq" ON "auth_user_groups" ("user_id", "group_id");
CREATE INDEX IF NOT EXISTS "auth_user_groups_user_id_6a12ed8b" ON "auth_user_groups" ("user_id");
CREATE INDEX IF NOT EXISTS "auth_user_groups_group_id_97559544" ON "auth_user_groups" ("group_id");
CREATE UNIQUE INDEX "auth_user_user_permissions_user_id_permission_id_14a6b632_uniq" ON "auth_user_user_permissions" ("user_id", "permission_id");
CREATE INDEX IF NOT EXISTS "auth_user_user_permissions_user_id_a95ead1b" ON "auth_user_user_permissions" ("user_id");
CREATE INDEX IF NOT EXISTS "auth_user_user_permissions_permission_id_1fbb5f2c" ON "auth_user_user_permissions" ("permission_id");
CREATE INDEX IF NOT EXISTS "django_admin_log_content_type_id_c4bce8eb" ON "django_admin_log" ("content_type_id");
CREATE INDEX IF NOT EXISTS "django_admin_log_user_id_c564eba6" ON "django_admin_log" ("user_id");
CREATE UNIQUE INDEX "django_content_type_app_label_model_76bd3d3b_uniq" ON "django_content_type" ("app_label", "model");
CREATE INDEX IF NOT EXISTS "django_session_expire_date_a5c62663" ON "django_session" ("expire_date");
CREATE TABLE IF NOT EXISTS "auth_group_permissions" ("id" integer NOT NULL PRIMARY KEY AUTOINCREMENT, "group_id" integer NOT NULL REFERENCES "auth_group" ("id") DEFERRABLE INITIALLY DEFERRED, "permission_id" integer NOT NULL REFERENCES "auth_permission" ("id") DEFERRABLE INITIALLY DEFERRED);
CREATE INDEX IF NOT EXISTS "CyRanch_Connect_event_event_id_cf6637c4" ON "CyRanch_Connect_event" ("event_id");
CREATE UNIQUE INDEX "CyRanch_Connect_event_attendees_event_id_student_id_fdce72e8_uniq" ON "CyRanch_Connect_event_attendees" ("event_id", "student_id");
CREATE INDEX IF NOT EXISTS "CyRanch_Connect_event_attendees_event_id_1aa4fa3e" ON "CyRanch_Connect_event_attendees" ("event_id");
CREATE INDEX IF NOT EXISTS "CyRanch_Connect_event_attendees_student_id_bf03ef63" ON "CyRanch_Connect_event_attendees" ("student_id");
CREATE INDEX IF NOT EXISTS "CyRanch_Connect_prize_event_id_48d0deb2" ON "CyRanch_Connect_prize" ("event_id");
CREATE UNIQUE INDEX "auth_group_permissions_group_id_permission_id_0cd325b0_uniq" ON "auth_group_permissions" ("group_id", "permission_id");
CREATE INDEX IF NOT EXISTS "auth_group_permissions_group_id_b120cbf9" ON "auth_group_permissions" ("group_id");
CREATE INDEX IF NOT EXISTS "auth_group_permissions_permission_id_84c5c92e" ON "auth_group_permissions" ("permission_id");
CREATE UNIQUE INDEX "auth_permission_content_type_id_codename_01ab375a_uniq" ON "auth_permission" ("content_type_id", "codename");
CREATE INDEX IF NOT EXISTS "auth_permission_content_type_id_2f476e4b" ON "auth_permission" ("content_type_id");
CREATE UNIQUE INDEX "auth_user_groups_user_id_group_id_94350c0c_uniq" ON "auth_user_groups" ("user_id", "group_id");
CREATE INDEX IF NOT EXISTS "auth_user_groups_user_id_6a12ed8b" ON "auth_user_groups" ("user_id");
CREATE INDEX IF NOT EXISTS "auth_user_groups_group_id_97559544" ON "auth_user_groups" ("group_id");
CREATE UNIQUE INDEX "auth_user_user_permissions_user_id_permission_id_14a6b632_uniq" ON "auth_user_user_permissions" ("user_id", "permission_id");
CREATE INDEX IF NOT EXISTS "auth_user_user_permissions_user_id_a95ead1b" ON "auth_user_user_permissions" ("user_id");
CREATE INDEX IF NOT EXISTS "auth_user_user_permissions_permission_id_1fbb5f2c" ON "auth_user_user_permissions" ("permission_id");
CREATE INDEX IF NOT EXISTS "django_admin_log_content_type_id_c4bce8eb" ON "django_admin_log" ("content_type_id");
CREATE INDEX IF NOT EXISTS "django_admin_log_user_id_c564eba6" ON "django_admin_log" ("user_id");
CREATE UNIQUE INDEX "django_content_type_app_label_model_76bd3d3b_uniq" ON "django_content_type" ("app_label", "model");
CREATE INDEX IF NOT EXISTS "django_session_expire_date_a5c62663" ON "django_session" ("expire_date");
CREATE TABLE IF NOT EXISTS "auth_permission" ("id" integer NOT NULL PRIMARY KEY AUTOINCREMENT, "content_type_id" integer NOT NULL REFERENCES "django_content_type" ("id") DEFERRABLE INITIALLY DEFERRED, "codename" varchar(100) NOT NULL, "name" varchar(255) NOT NULL);
INSERT INTO "auth_permission" VALUES(1,1,'add_logentry','Can add log entry');
INSERT INTO "auth_permission" VALUES(2,1,'change_logentry','Can change log entry');
INSERT INTO "auth_permission" VALUES(3,1,'delete_logentry','Can delete log entry');
INSERT INTO "auth_permission" VALUES(4,1,'view_logentry','Can view log entry');
INSERT INTO "auth_permission" VALUES(5,2,'add_permission','Can add permission');
INSERT INTO "auth_permission" VALUES(6,2,'change_permission','Can change permission');
INSERT INTO "auth_permission" VALUES(7,2,'delete_permission','Can delete permission');
INSERT INTO "auth_permission" VALUES(8,2,'view_permission','Can view permission');
INSERT INTO "auth_permission" VALUES(9,3,'add_group','Can add group');
INSERT INTO "auth_permission" VALUES(10,3,'change_group','Can change group');
INSERT INTO "auth_permission" VALUES(11,3,'delete_group','Can delete group');
INSERT INTO "auth_permission" VALUES(12,3,'view_group','Can view group');
INSERT INTO "auth_permission" VALUES(13,4,'add_user','Can add user');
INSERT INTO "auth_permission" VALUES(14,4,'change_user','Can change user');
INSERT INTO "auth_permission" VALUES(15,4,'delete_user','Can delete user');
INSERT INTO "auth_permission" VALUES(16,4,'view_user','Can view user');
INSERT INTO "auth_permission" VALUES(17,5,'add_contenttype','Can add content type');
INSERT INTO "auth_permission" VALUES(18,5,'change_contenttype','Can change content type');
INSERT INTO "auth_permission" VALUES(19,5,'delete_contenttype','Can delete content type');
INSERT INTO "auth_permission" VALUES(20,5,'view_contenttype','Can view content type');
INSERT INTO "auth_permission" VALUES(21,6,'add_session','Can add session');
INSERT INTO "auth_permission" VALUES(22,6,'change_session','Can change session');
INSERT INTO "auth_permission" VALUES(23,6,'delete_session','Can delete session');
INSERT INTO "auth_permission" VALUES(24,6,'view_session','Can view session');
INSERT INTO "auth_permission" VALUES(25,7,'add_prize','Can add prize');
INSERT INTO "auth_permission" VALUES(26,7,'change_prize','Can change prize');
INSERT INTO "auth_permission" VALUES(27,7,'delete_prize','Can delete prize');
INSERT INTO "auth_permission" VALUES(28,7,'view_prize','Can view prize');
INSERT INTO "auth_permission" VALUES(29,8,'add_event','Can add event');
INSERT INTO "auth_permission" VALUES(30,8,'change_event','Can change event');
INSERT INTO "auth_permission" VALUES(31,8,'delete_event','Can delete event');
INSERT INTO "auth_permission" VALUES(32,8,'view_event','Can view event');
INSERT INTO "auth_permission" VALUES(33,9,'add_student','Can add student');
INSERT INTO "auth_permission" VALUES(34,9,'change_student','Can change student');
INSERT INTO "auth_permission" VALUES(35,9,'delete_student','Can delete student');
INSERT INTO "auth_permission" VALUES(36,9,'view_student','Can view student');
INSERT INTO "auth_permission" VALUES(37,10,'add_theme','Can add Theme');
INSERT INTO "auth_permission" VALUES(38,10,'change_theme','Can change Theme');
INSERT INTO "auth_permission" VALUES(39,10,'delete_theme','Can delete Theme');
INSERT INTO "auth_permission" VALUES(40,10,'view_theme','Can view Theme');
CREATE INDEX IF NOT EXISTS "CyRanch_Connect_event_event_id_cf6637c4" ON "CyRanch_Connect_event" ("event_id");
CREATE UNIQUE INDEX "CyRanch_Connect_event_attendees_event_id_student_id_fdce72e8_uniq" ON "CyRanch_Connect_event_attendees" ("event_id", "student_id");
CREATE INDEX IF NOT EXISTS "CyRanch_Connect_event_attendees_event_id_1aa4fa3e" ON "CyRanch_Connect_event_attendees" ("event_id");
CREATE INDEX IF NOT EXISTS "CyRanch_Connect_event_attendees_student_id_bf03ef63" ON "CyRanch_Connect_event_attendees" ("student_id");
CREATE INDEX IF NOT EXISTS "CyRanch_Connect_prize_event_id_48d0deb2" ON "CyRanch_Connect_prize" ("event_id");
CREATE UNIQUE INDEX "auth_group_permissions_group_id_permission_id_0cd325b0_uniq" ON "auth_group_permissions" ("group_id", "permission_id");
CREATE INDEX IF NOT EXISTS "auth_group_permissions_group_id_b120cbf9" ON "auth_group_permissions" ("group_id");
CREATE INDEX IF NOT EXISTS "auth_group_permissions_permission_id_84c5c92e" ON "auth_group_permissions" ("permission_id");
CREATE UNIQUE INDEX "auth_permission_content_type_id_codename_01ab375a_uniq" ON "auth_permission" ("content_type_id", "codename");
CREATE INDEX IF NOT EXISTS "auth_permission_content_type_id_2f476e4b" ON "auth_permission" ("content_type_id");
CREATE UNIQUE INDEX "auth_user_groups_user_id_group_id_94350c0c_uniq" ON "auth_user_groups" ("user_id", "group_id");
CREATE INDEX IF NOT EXISTS "auth_user_groups_user_id_6a12ed8b" ON "auth_user_groups" ("user_id");
CREATE INDEX IF NOT EXISTS "auth_user_groups_group_id_97559544" ON "auth_user_groups" ("group_id");
CREATE UNIQUE INDEX "auth_user_user_permissions_user_id_permission_id_14a6b632_uniq" ON "auth_user_user_permissions" ("user_id", "permission_id");
CREATE INDEX IF NOT EXISTS "auth_user_user_permissions_user_id_a95ead1b" ON "auth_user_user_permissions" ("user_id");
CREATE INDEX IF NOT EXISTS "auth_user_user_permissions_permission_id_1fbb5f2c" ON "auth_user_user_permissions" ("permission_id");
CREATE INDEX IF NOT EXISTS "django_admin_log_content_type_id_c4bce8eb" ON "django_admin_log" ("content_type_id");
CREATE INDEX IF NOT EXISTS "django_admin_log_user_id_c564eba6" ON "django_admin_log" ("user_id");
CREATE UNIQUE INDEX "django_content_type_app_label_model_76bd3d3b_uniq" ON "django_content_type" ("app_label", "model");
CREATE INDEX IF NOT EXISTS "django_session_expire_date_a5c62663" ON "django_session" ("expire_date");
CREATE TABLE IF NOT EXISTS "auth_user" ("id" integer NOT NULL PRIMARY KEY AUTOINCREMENT, "password" varchar(128) NOT NULL, "last_login" datetime NULL, "is_superuser" bool NOT NULL, "username" varchar(150) NOT NULL UNIQUE, "last_name" varchar(150) NOT NULL, "email" varchar(254) NOT NULL, "is_staff" bool NOT NULL, "is_active" bool NOT NULL, "date_joined" datetime NOT NULL, "first_name" varchar(150) NOT NULL);
INSERT INTO "auth_user" VALUES(1,'pbkdf2_sha256$390000$aKcJtUwPSAFNvjKx1iQvaT$UTyhNjBv6i3jbtNWClgGyibUcanxo4CUn83+RxvYqhY=','2023-03-23 04:55:13.082067',1,'admin','','siddharth.radh@gmail.com',1,1,'2023-01-16 00:51:29.363431','');
INSERT INTO "auth_user" VALUES(2,'pbkdf2_sha256$390000$AqS1m70pWYT734OB31K7H1$7XWXhtlOPZsZoc9eq1M3UJDPgWDGAyUenmgYvtZIANQ=','2023-03-23 04:53:09.483869',0,'173390','','srad0390@stu.cfisd.net',0,1,'2023-01-16 03:33:18','');
INSERT INTO "auth_user" VALUES(4,'pbkdf2_sha256$390000$c3826KRwZVCCkgvm76YfgY$Kov/5pW583XEtHIOV+kHHCJy1SjkVwVthu/yVRB6CPE=','2023-01-20 03:09:09.736378',0,'111111','','',0,1,'2023-01-19 15:51:48.691673','');
INSERT INTO "auth_user" VALUES(5,'pbkdf2_sha256$390000$IyLagG3C6hCmTRBh0oCKOy$ybrbX9gEHhmPrhgQlCiPP8aB68s8AnXHETGkk+jfroE=',NULL,0,'934987','','',0,1,'2023-01-19 18:44:57.114458','');
INSERT INTO "auth_user" VALUES(6,'pbkdf2_sha256$390000$PJLuoieh6dzjZcqE6DT3cT$tOQUtYQRRsUpGFWxuBxp7EUmVe/qJmJAmLmhNz3Q7/U=',NULL,0,'982734','','',0,1,'2023-01-19 18:54:31.440161','');
INSERT INTO "auth_user" VALUES(7,'pbkdf2_sha256$390000$DCsETHhKLSubDW8AZGD0r7$1OZNL2p6rpHb/DSPu6neG23QAeVVSXsPAbSvKWyaqWI=',NULL,0,'823764','','',0,1,'2023-01-20 16:10:41.844291','');
INSERT INTO "auth_user" VALUES(8,'pbkdf2_sha256$390000$2ksCgUx8F8eAB5BSUI0KNr$pp0OqxgTQb87uyjIaqq+2snCwpS9zNCcjUymybKkpCs=',NULL,0,'111112','','',0,1,'2023-01-20 16:19:29.846772','');
INSERT INTO "auth_user" VALUES(9,'pbkdf2_sha256$390000$NFTUHORcHwIZqNRLBHFE7I$CJ/s9rggbqmd4zz213WktlLfXTmRDInmD/mklSDVvVs=',NULL,0,'111113','','',0,1,'2023-01-21 00:58:54.473369','');
INSERT INTO "auth_user" VALUES(10,'pbkdf2_sha256$390000$sQ32YDARLyKbJxsjSmBeOv$RqGd9S9XltbSgVmqp6kjpkQub9ncxQ1eAR+id5yAGYY=',NULL,0,'256346','','',0,1,'2023-03-22 04:30:07.396784','');
INSERT INTO "auth_user" VALUES(11,'pbkdf2_sha256$390000$egOcmGGPcRY8ZvADT3PxuD$mVxeKuandLKMXHVJ9q+at17CJCrPjh1hV2HwUefpxnk=',NULL,0,'554686','','',0,1,'2023-03-23 02:07:47.074287','');
INSERT INTO "auth_user" VALUES(12,'pbkdf2_sha256$390000$sDRiN4fMxdTXvpJgoll0B0$LUtADD56/Sr82RkqK8ghNzMZyU592RHFPh7rIled5f4=',NULL,0,'112345','','',0,1,'2023-03-23 02:09:45.092965','');
CREATE INDEX IF NOT EXISTS "CyRanch_Connect_event_event_id_cf6637c4" ON "CyRanch_Connect_event" ("event_id");
CREATE UNIQUE INDEX "CyRanch_Connect_event_attendees_event_id_student_id_fdce72e8_uniq" ON "CyRanch_Connect_event_attendees" ("event_id", "student_id");
CREATE INDEX IF NOT EXISTS "CyRanch_Connect_event_attendees_event_id_1aa4fa3e" ON "CyRanch_Connect_event_attendees" ("event_id");
CREATE INDEX IF NOT EXISTS "CyRanch_Connect_event_attendees_student_id_bf03ef63" ON "CyRanch_Connect_event_attendees" ("student_id");
CREATE INDEX IF NOT EXISTS "CyRanch_Connect_prize_event_id_48d0deb2" ON "CyRanch_Connect_prize" ("event_id");
CREATE UNIQUE INDEX "auth_group_permissions_group_id_permission_id_0cd325b0_uniq" ON "auth_group_permissions" ("group_id", "permission_id");
CREATE INDEX IF NOT EXISTS "auth_group_permissions_group_id_b120cbf9" ON "auth_group_permissions" ("group_id");
CREATE INDEX IF NOT EXISTS "auth_group_permissions_permission_id_84c5c92e" ON "auth_group_permissions" ("permission_id");
CREATE UNIQUE INDEX "auth_permission_content_type_id_codename_01ab375a_uniq" ON "auth_permission" ("content_type_id", "codename");
CREATE INDEX IF NOT EXISTS "auth_permission_content_type_id_2f476e4b" ON "auth_permission" ("content_type_id");
CREATE UNIQUE INDEX "auth_user_groups_user_id_group_id_94350c0c_uniq" ON "auth_user_groups" ("user_id", "group_id");
CREATE INDEX IF NOT EXISTS "auth_user_groups_user_id_6a12ed8b" ON "auth_user_groups" ("user_id");
CREATE INDEX IF NOT EXISTS "auth_user_groups_group_id_97559544" ON "auth_user_groups" ("group_id");
CREATE UNIQUE INDEX "auth_user_user_permissions_user_id_permission_id_14a6b632_uniq" ON "auth_user_user_permissions" ("user_id", "permission_id");
CREATE INDEX IF NOT EXISTS "auth_user_user_permissions_user_id_a95ead1b" ON "auth_user_user_permissions" ("user_id");
CREATE INDEX IF NOT EXISTS "auth_user_user_permissions_permission_id_1fbb5f2c" ON "auth_user_user_permissions" ("permission_id");
CREATE INDEX IF NOT EXISTS "django_admin_log_content_type_id_c4bce8eb" ON "django_admin_log" ("content_type_id");
CREATE INDEX IF NOT EXISTS "django_admin_log_user_id_c564eba6" ON "django_admin_log" ("user_id");
CREATE UNIQUE INDEX "django_content_type_app_label_model_76bd3d3b_uniq" ON "django_content_type" ("app_label", "model");
CREATE INDEX IF NOT EXISTS "django_session_expire_date_a5c62663" ON "django_session" ("expire_date");
CREATE TABLE IF NOT EXISTS "auth_user_groups" ("id" integer NOT NULL PRIMARY KEY AUTOINCREMENT, "user_id" integer NOT NULL REFERENCES "auth_user" ("id") DEFERRABLE INITIALLY DEFERRED, "group_id" integer NOT NULL REFERENCES "auth_group" ("id") DEFERRABLE INITIALLY DEFERRED);
CREATE INDEX IF NOT EXISTS "CyRanch_Connect_event_event_id_cf6637c4" ON "CyRanch_Connect_event" ("event_id");
CREATE UNIQUE INDEX "CyRanch_Connect_event_attendees_event_id_student_id_fdce72e8_uniq" ON "CyRanch_Connect_event_attendees" ("event_id", "student_id");
CREATE INDEX IF NOT EXISTS "CyRanch_Connect_event_attendees_event_id_1aa4fa3e" ON "CyRanch_Connect_event_attendees" ("event_id");
CREATE INDEX IF NOT EXISTS "CyRanch_Connect_event_attendees_student_id_bf03ef63" ON "CyRanch_Connect_event_attendees" ("student_id");
CREATE INDEX IF NOT EXISTS "CyRanch_Connect_prize_event_id_48d0deb2" ON "CyRanch_Connect_prize" ("event_id");
CREATE UNIQUE INDEX "auth_group_permissions_group_id_permission_id_0cd325b0_uniq" ON "auth_group_permissions" ("group_id", "permission_id");
CREATE INDEX IF NOT EXISTS "auth_group_permissions_group_id_b120cbf9" ON "auth_group_permissions" ("group_id");
CREATE INDEX IF NOT EXISTS "auth_group_permissions_permission_id_84c5c92e" ON "auth_group_permissions" ("permission_id");
CREATE UNIQUE INDEX "auth_permission_content_type_id_codename_01ab375a_uniq" ON "auth_permission" ("content_type_id", "codename");
CREATE INDEX IF NOT EXISTS "auth_permission_content_type_id_2f476e4b" ON "auth_permission" ("content_type_id");
CREATE UNIQUE INDEX "auth_user_groups_user_id_group_id_94350c0c_uniq" ON "auth_user_groups" ("user_id", "group_id");
CREATE INDEX IF NOT EXISTS "auth_user_groups_user_id_6a12ed8b" ON "auth_user_groups" ("user_id");
CREATE INDEX IF NOT EXISTS "auth_user_groups_group_id_97559544" ON "auth_user_groups" ("group_id");
CREATE UNIQUE INDEX "auth_user_user_permissions_user_id_permission_id_14a6b632_uniq" ON "auth_user_user_permissions" ("user_id", "permission_id");
CREATE INDEX IF NOT EXISTS "auth_user_user_permissions_user_id_a95ead1b" ON "auth_user_user_permissions" ("user_id");
CREATE INDEX IF NOT EXISTS "auth_user_user_permissions_permission_id_1fbb5f2c" ON "auth_user_user_permissions" ("permission_id");
CREATE INDEX IF NOT EXISTS "django_admin_log_content_type_id_c4bce8eb" ON "django_admin_log" ("content_type_id");
CREATE INDEX IF NOT EXISTS "django_admin_log_user_id_c564eba6" ON "django_admin_log" ("user_id");
CREATE UNIQUE INDEX "django_content_type_app_label_model_76bd3d3b_uniq" ON "django_content_type" ("app_label", "model");
CREATE INDEX IF NOT EXISTS "django_session_expire_date_a5c62663" ON "django_session" ("expire_date");
CREATE TABLE IF NOT EXISTS "auth_user_user_permissions" ("id" integer NOT NULL PRIMARY KEY AUTOINCREMENT, "user_id" integer NOT NULL REFERENCES "auth_user" ("id") DEFERRABLE INITIALLY DEFERRED, "permission_id" integer NOT NULL REFERENCES "auth_permission" ("id") DEFERRABLE INITIALLY DEFERRED);
CREATE INDEX IF NOT EXISTS "CyRanch_Connect_event_event_id_cf6637c4" ON "CyRanch_Connect_event" ("event_id");
CREATE UNIQUE INDEX "CyRanch_Connect_event_attendees_event_id_student_id_fdce72e8_uniq" ON "CyRanch_Connect_event_attendees" ("event_id", "student_id");
CREATE INDEX IF NOT EXISTS "CyRanch_Connect_event_attendees_event_id_1aa4fa3e" ON "CyRanch_Connect_event_attendees" ("event_id");
CREATE INDEX IF NOT EXISTS "CyRanch_Connect_event_attendees_student_id_bf03ef63" ON "CyRanch_Connect_event_attendees" ("student_id");
CREATE INDEX IF NOT EXISTS "CyRanch_Connect_prize_event_id_48d0deb2" ON "CyRanch_Connect_prize" ("event_id");
CREATE UNIQUE INDEX "auth_group_permissions_group_id_permission_id_0cd325b0_uniq" ON "auth_group_permissions" ("group_id", "permission_id");
CREATE INDEX IF NOT EXISTS "auth_group_permissions_group_id_b120cbf9" ON "auth_group_permissions" ("group_id");
CREATE INDEX IF NOT EXISTS "auth_group_permissions_permission_id_84c5c92e" ON "auth_group_permissions" ("permission_id");
CREATE UNIQUE INDEX "auth_permission_content_type_id_codename_01ab375a_uniq" ON "auth_permission" ("content_type_id", "codename");
CREATE INDEX IF NOT EXISTS "auth_permission_content_type_id_2f476e4b" ON "auth_permission" ("content_type_id");
CREATE UNIQUE INDEX "auth_user_groups_user_id_group_id_94350c0c_uniq" ON "auth_user_groups" ("user_id", "group_id");
CREATE INDEX IF NOT EXISTS "auth_user_groups_user_id_6a12ed8b" ON "auth_user_groups" ("user_id");
CREATE INDEX IF NOT EXISTS "auth_user_groups_group_id_97559544" ON "auth_user_groups" ("group_id");
CREATE UNIQUE INDEX "auth_user_user_permissions_user_id_permission_id_14a6b632_uniq" ON "auth_user_user_permissions" ("user_id", "permission_id");
CREATE INDEX IF NOT EXISTS "auth_user_user_permissions_user_id_a95ead1b" ON "auth_user_user_permissions" ("user_id");
CREATE INDEX IF NOT EXISTS "auth_user_user_permissions_permission_id_1fbb5f2c" ON "auth_user_user_permissions" ("permission_id");
CREATE INDEX IF NOT EXISTS "django_admin_log_content_type_id_c4bce8eb" ON "django_admin_log" ("content_type_id");
CREATE INDEX IF NOT EXISTS "django_admin_log_user_id_c564eba6" ON "django_admin_log" ("user_id");
CREATE UNIQUE INDEX "django_content_type_app_label_model_76bd3d3b_uniq" ON "django_content_type" ("app_label", "model");
CREATE INDEX IF NOT EXISTS "django_session_expire_date_a5c62663" ON "django_session" ("expire_date");
CREATE TABLE IF NOT EXISTS "django_admin_log" ("id" integer NOT NULL PRIMARY KEY AUTOINCREMENT, "object_id" text NULL, "object_repr" varchar(200) NOT NULL, "action_flag" smallint unsigned NOT NULL CHECK ("action_flag" >= 0), "change_message" text NOT NULL, "content_type_id" integer NULL REFERENCES "django_content_type" ("id") DEFERRABLE INITIALLY DEFERRED, "user_id" integer NOT NULL REFERENCES "auth_user" ("id") DEFERRABLE INITIALLY DEFERRED, "action_time" datetime NOT NULL);
INSERT INTO "django_admin_log" VALUES(1,'1','Football Game',1,'[{"added": {}}]',8,1,'2023-01-16 00:52:35.853513');
INSERT INTO "django_admin_log" VALUES(2,'1','Siddharth Radhakrishnan',1,'[{"added": {}}]',9,1,'2023-01-16 00:52:57.356215');
INSERT INTO "django_admin_log" VALUES(3,'1','Siddharth Radhakrishnan',2,'[]',9,1,'2023-01-16 00:53:00.932061');
INSERT INTO "django_admin_log" VALUES(4,'2','SiddharthRadhakrishnan',1,'[{"added": {}}]',4,1,'2023-01-16 03:33:18.393344');
INSERT INTO "django_admin_log" VALUES(5,'1','Siddharth Radhakrishnan',2,'[{"changed": {"fields": ["User"]}}]',9,1,'2023-01-16 03:33:24.238339');
INSERT INTO "django_admin_log" VALUES(6,'2','173390',2,'[{"changed": {"fields": ["Username"]}}]',4,1,'2023-01-16 20:25:40.746760');
INSERT INTO "django_admin_log" VALUES(7,'2','173390',2,'[{"changed": {"fields": ["Email address"]}}]',4,1,'2023-01-16 20:27:57.626938');
INSERT INTO "django_admin_log" VALUES(8,'1','Football Game',2,'[{"changed": {"fields": ["Date"]}}]',8,1,'2023-01-16 21:10:37.658898');
INSERT INTO "django_admin_log" VALUES(9,'1','Football Game',2,'[{"changed": {"fields": ["Date"]}}]',8,1,'2023-01-16 21:10:58.883556');
INSERT INTO "django_admin_log" VALUES(10,'1','Football Game',2,'[{"changed": {"fields": ["Date"]}}]',8,1,'2023-01-16 21:11:56.510130');
INSERT INTO "django_admin_log" VALUES(11,'2','FBLA Social',1,'[{"added": {}}]',8,1,'2023-01-17 03:34:55.186442');
INSERT INTO "django_admin_log" VALUES(12,'2','FBLA Social',2,'[{"changed": {"fields": ["Date"]}}]',8,1,'2023-01-17 03:35:22.263554');
INSERT INTO "django_admin_log" VALUES(13,'1','Prize object (1)',1,'[{"added": {}}]',7,1,'2023-01-17 04:03:17.025336');
INSERT INTO "django_admin_log" VALUES(14,'1','Cookie',2,'[{"changed": {"fields": ["Thumbnail"]}}]',7,1,'2023-01-17 04:13:19.415402');
INSERT INTO "django_admin_log" VALUES(15,'1','Cookie',2,'[]',7,1,'2023-01-17 04:16:28.987981');
INSERT INTO "django_admin_log" VALUES(16,'1','Cookie',2,'[{"changed": {"fields": ["Thumbnail"]}}]',7,1,'2023-01-17 11:50:13.966446');
INSERT INTO "django_admin_log" VALUES(17,'1','Siddharth Radhakrishnan',2,'[{"changed": {"fields": ["Grade"]}}]',9,1,'2023-01-17 12:38:15.027682');
INSERT INTO "django_admin_log" VALUES(18,'1','Siddharth Radhakrishnan',2,'[{"changed": {"fields": ["Grade"]}}]',9,1,'2023-01-18 00:11:35.224005');
INSERT INTO "django_admin_log" VALUES(19,'1','Siddharth Radhakrishnan',2,'[{"changed": {"fields": ["Points"]}}]',9,1,'2023-01-18 00:11:40.321610');
INSERT INTO "django_admin_log" VALUES(20,'2','CyRanch Connect',1,'[{"added": {}}]',10,1,'2023-01-18 01:47:32.490947');
INSERT INTO "django_admin_log" VALUES(21,'2','CyRanch Connect',2,'[{"changed": {"fields": ["Color"]}}]',10,1,'2023-01-18 01:48:56.473123');
INSERT INTO "django_admin_log" VALUES(22,'2','CyRanch Connect',2,'[{"changed": {"fields": ["Logo", "Favicon", "Title", "Color"]}}]',10,1,'2023-01-18 01:51:40.197361');
INSERT INTO "django_admin_log" VALUES(23,'2','CyRanch Connect',2,'[{"changed": {"fields": ["Color"]}}]',10,1,'2023-01-18 01:52:02.109168');
INSERT INTO "django_admin_log" VALUES(24,'2','CyRanch Connect',2,'[{"changed": {"fields": ["Visible in favicon (marker)"]}}]',10,1,'2023-01-18 01:52:38.965570');
INSERT INTO "django_admin_log" VALUES(25,'2','CyRanch Connect',2,'[{"changed": {"fields": ["Color"]}}]',10,1,'2023-01-18 01:53:16.363596');
INSERT INTO "django_admin_log" VALUES(26,'2','CyRanch Connect',2,'[{"changed": {"fields": ["Background color", "Text color", "Link hover color"]}}]',10,1,'2023-01-18 01:53:48.892890');
INSERT INTO "django_admin_log" VALUES(27,'2','CyRanch Connect',2,'[{"changed": {"fields": ["Link hover color"]}}]',10,1,'2023-01-18 01:54:36.616752');
INSERT INTO "django_admin_log" VALUES(28,'2','CyRanch Connect',2,'[{"changed": {"fields": ["Link hover color"]}}]',10,1,'2023-01-18 01:54:48.543300');
INSERT INTO "django_admin_log" VALUES(29,'2','CyRanch Connect',2,'[{"changed": {"fields": ["Background color", "Background selected color"]}}]',10,1,'2023-01-18 01:56:31.357612');
INSERT INTO "django_admin_log" VALUES(30,'2','CyRanch Connect',2,'[{"changed": {"fields": ["Background selected color"]}}]',10,1,'2023-01-18 01:56:39.990444');
INSERT INTO "django_admin_log" VALUES(31,'2','CyRanch Connect',2,'[{"changed": {"fields": ["Background selected color"]}}]',10,1,'2023-01-18 01:56:50.751246');
INSERT INTO "django_admin_log" VALUES(32,'2','CyRanch Connect',2,'[{"changed": {"fields": ["Link hover color"]}}]',10,1,'2023-01-18 01:57:02.983794');
INSERT INTO "django_admin_log" VALUES(33,'2','CyRanch Connect',2,'[{"changed": {"fields": ["Link color", "Link hover color"]}}]',10,1,'2023-01-18 01:57:38.678709');
INSERT INTO "django_admin_log" VALUES(34,'2','CyRanch Connect',2,'[{"changed": {"fields": ["Link color", "Link hover color"]}}]',10,1,'2023-01-18 01:57:57.513579');
INSERT INTO "django_admin_log" VALUES(35,'2','CyRanch Connect',2,'[{"changed": {"fields": ["Background selected color"]}}]',10,1,'2023-01-18 01:58:20.511517');
INSERT INTO "django_admin_log" VALUES(36,'2','CyRanch Connect',2,'[{"changed": {"fields": ["Link hover color"]}}]',10,1,'2023-01-18 01:58:30.833471');
INSERT INTO "django_admin_log" VALUES(37,'2','CyRanch Connect',2,'[{"changed": {"fields": ["Link hover color"]}}]',10,1,'2023-01-18 01:59:07.296908');
INSERT INTO "django_admin_log" VALUES(38,'2','CyRanch Connect',2,'[{"changed": {"fields": ["Link hover color", "Link hover color"]}}]',10,1,'2023-01-18 02:01:12.247544');
INSERT INTO "django_admin_log" VALUES(39,'2','CyRanch Connect',2,'[{"changed": {"fields": ["Link hover color"]}}]',10,1,'2023-01-18 02:01:30.062503');
INSERT INTO "django_admin_log" VALUES(40,'2','CyRanch Connect',2,'[{"changed": {"fields": ["Link hover color"]}}]',10,1,'2023-01-18 02:01:44.367133');
INSERT INTO "django_admin_log" VALUES(41,'2','CyRanch Connect',2,'[{"changed": {"fields": ["Background color", "Background hover color"]}}]',10,1,'2023-01-18 02:02:17.184365');
INSERT INTO "django_admin_log" VALUES(42,'2','CyRanch Connect',2,'[]',10,1,'2023-01-18 02:02:35.436692');
INSERT INTO "django_admin_log" VALUES(43,'1','Cookie',2,'[{"changed": {"fields": ["Thumbnail"]}}]',7,1,'2023-01-18 02:15:06.068544');
INSERT INTO "django_admin_log" VALUES(44,'2','Mustang Nation Hoodie',1,'[{"added": {}}]',7,1,'2023-01-18 02:21:53.540560');
INSERT INTO "django_admin_log" VALUES(45,'2','Mustang Nation Hoodie',2,'[{"changed": {"fields": ["Thumbnail"]}}]',7,1,'2023-01-18 02:22:06.931445');
INSERT INTO "django_admin_log" VALUES(46,'2','FBLA Social',2,'[{"changed": {"fields": ["Points"]}}]',8,1,'2023-01-18 02:30:53.479010');
INSERT INTO "django_admin_log" VALUES(47,'2','FBLA Social',2,'[{"changed": {"fields": ["Date"]}}]',8,1,'2023-01-18 02:31:02.700719');
INSERT INTO "django_admin_log" VALUES(48,'2','FBLA Social',2,'[]',8,1,'2023-01-18 02:31:06.107225');
INSERT INTO "django_admin_log" VALUES(49,'1','Football Game',2,'[{"changed": {"fields": ["Date"]}}]',8,1,'2023-01-18 02:31:12.417845');
INSERT INTO "django_admin_log" VALUES(50,'1','Siddharth Radhakrishnan',2,'[{"changed": {"fields": ["Points"]}}]',9,1,'2023-01-19 01:03:42.701481');
INSERT INTO "django_admin_log" VALUES(51,'3','Key Club Social',1,'[{"added": {}}]',8,1,'2023-01-19 06:27:28.667525');
INSERT INTO "django_admin_log" VALUES(52,'3','111111',1,'[{"added": {}}]',4,1,'2023-01-19 15:48:54.213828');
INSERT INTO "django_admin_log" VALUES(53,'3','111111',3,'',4,1,'2023-01-19 15:50:10.858531');
INSERT INTO "django_admin_log" VALUES(54,'4','111111',1,'[{"added": {}}]',4,1,'2023-01-19 15:51:48.910002');
INSERT INTO "django_admin_log" VALUES(55,'2','Parth Tiwari',1,'[{"added": {}}]',9,1,'2023-01-19 15:51:57.029765');
INSERT INTO "django_admin_log" VALUES(56,'5','934987',1,'[{"added": {}}]',4,1,'2023-01-19 18:44:57.303346');
INSERT INTO "django_admin_log" VALUES(57,'3','Vyas Sriman',1,'[{"added": {}}]',9,1,'2023-01-19 18:45:41.672065');
INSERT INTO "django_admin_log" VALUES(58,'3','Vyas Sriman',2,'[]',9,1,'2023-01-19 18:45:54.120776');
INSERT INTO "django_admin_log" VALUES(59,'3','Vyas Sriman',2,'[]',9,1,'2023-01-19 18:46:52.933167');
INSERT INTO "django_admin_log" VALUES(60,'6','982734',1,'[{"added": {}}]',4,1,'2023-01-19 18:54:31.662805');
INSERT INTO "django_admin_log" VALUES(61,'4','Michael Juventavius',1,'[{"added": {}}]',9,1,'2023-01-19 18:55:37.822184');
INSERT INTO "django_admin_log" VALUES(62,'3','Lunch Line Fast Pass',1,'[{"added": {}}]',7,1,'2023-01-20 03:06:25.195530');
INSERT INTO "django_admin_log" VALUES(63,'3','Lunch Line Fast Pass',2,'[{"changed": {"fields": ["Thumbnail"]}}]',7,1,'2023-01-20 03:07:50.065442');
INSERT INTO "django_admin_log" VALUES(64,'3','Lunch Line Fast Pass',2,'[{"changed": {"fields": ["Thumbnail"]}}]',7,1,'2023-01-20 03:08:15.405691');
INSERT INTO "django_admin_log" VALUES(65,'3','Lunch Line Fast Pass',2,'[{"changed": {"fields": ["Price"]}}]',7,1,'2023-01-20 03:08:22.235571');
INSERT INTO "django_admin_log" VALUES(66,'3','Key Club Social',2,'[{"changed": {"fields": ["Date"]}}]',8,1,'2023-01-20 03:33:40.762039');
INSERT INTO "django_admin_log" VALUES(67,'2','FBLA Social',2,'[{"changed": {"fields": ["Date"]}}]',8,1,'2023-01-20 03:33:45.927297');
INSERT INTO "django_admin_log" VALUES(68,'1','Football Game',2,'[{"changed": {"fields": ["Date"]}}]',8,1,'2023-01-20 03:33:51.309760');
INSERT INTO "django_admin_log" VALUES(69,'2','FBLA Chick-fil-A Social',2,'[{"changed": {"fields": ["Name", "Description", "Location"]}}]',8,1,'2023-01-20 03:38:32.771026');
INSERT INTO "django_admin_log" VALUES(70,'2','FBLA Chick-fil-A Social',2,'[{"changed": {"fields": ["Date"]}}]',8,1,'2023-01-20 03:38:57.003862');
INSERT INTO "django_admin_log" VALUES(71,'1','Football Game vs Bridgeland',2,'[{"changed": {"fields": ["Name", "Description", "Date"]}}]',8,1,'2023-01-20 03:39:32.107011');
INSERT INTO "django_admin_log" VALUES(72,'3','Key Club Social',2,'[{"changed": {"fields": ["Location"]}}]',8,1,'2023-01-20 03:40:36.187091');
INSERT INTO "django_admin_log" VALUES(73,'4','Golf Game vs CyWoods',1,'[{"added": {}}]',8,1,'2023-01-20 03:42:09.324395');
INSERT INTO "django_admin_log" VALUES(74,'5','Tennis Game vs. CySpring',1,'[{"added": {}}]',8,1,'2023-01-20 03:43:29.872174');
INSERT INTO "django_admin_log" VALUES(75,'4','Golf Game vs. CyWoods',2,'[{"changed": {"fields": ["Name"]}}]',8,1,'2023-01-20 03:44:43.001010');
INSERT INTO "django_admin_log" VALUES(76,'1','Football Game vs. Bridgeland',2,'[{"changed": {"fields": ["Name"]}}]',8,1,'2023-01-20 03:44:49.281126');
INSERT INTO "django_admin_log" VALUES(77,'6','Girls Basketball Game vs CySprings',1,'[{"added": {}}]',8,1,'2023-01-20 03:46:31.876035');
INSERT INTO "django_admin_log" VALUES(78,'6','Girls Basketball Game vs. CySprings',2,'[{"changed": {"fields": ["Name"]}}]',8,1,'2023-01-20 03:46:48.042083');
INSERT INTO "django_admin_log" VALUES(79,'7','Wrestling Game vs. CyPark',1,'[{"added": {}}]',8,1,'2023-01-20 03:48:23.911984');
INSERT INTO "django_admin_log" VALUES(80,'7','Wrestling Game vs. CyPark',2,'[{"changed": {"fields": ["Points"]}}]',8,1,'2023-01-20 03:48:34.310098');
INSERT INTO "django_admin_log" VALUES(81,'2','FBLA Chick-fil-A Social',2,'[{"changed": {"fields": ["Points"]}}]',8,1,'2023-01-20 03:48:39.613740');
INSERT INTO "django_admin_log" VALUES(82,'2','FBLA Chick-fil-A Social',2,'[{"changed": {"fields": ["Date"]}}]',8,1,'2023-01-20 03:49:16.295553');
INSERT INTO "django_admin_log" VALUES(83,'8','Model UN Animal Conference',1,'[{"added": {}}]',8,1,'2023-01-20 03:59:11.791805');
INSERT INTO "django_admin_log" VALUES(84,'9','Mu Alpha Theta Donation Drive',1,'[{"added": {}}]',8,1,'2023-01-20 11:18:30.180255');
INSERT INTO "django_admin_log" VALUES(85,'9','Mu Alpha Theta Donation Drive',2,'[]',8,1,'2023-01-20 11:18:55.538452');
INSERT INTO "django_admin_log" VALUES(86,'10','Mustang Puzzle Competition',1,'[{"added": {}}]',8,1,'2023-01-20 11:20:33.984939');
INSERT INTO "django_admin_log" VALUES(87,'7','823764',1,'[{"added": {}}]',4,1,'2023-01-20 16:10:42.040275');
INSERT INTO "django_admin_log" VALUES(88,'5','Brandon Pham',1,'[{"added": {}}]',9,1,'2023-01-20 16:15:36.070765');
INSERT INTO "django_admin_log" VALUES(89,'8','111112',1,'[{"added": {}}]',4,1,'2023-01-20 16:19:30.055254');
INSERT INTO "django_admin_log" VALUES(90,'6','Kayla Pham',1,'[{"added": {}}]',9,1,'2023-01-20 16:20:14.866914');
INSERT INTO "django_admin_log" VALUES(91,'9','111113',1,'[{"added": {}}]',4,1,'2023-01-21 00:58:54.591434');
INSERT INTO "django_admin_log" VALUES(92,'7','Susan Anderson',1,'[{"added": {}}]',9,1,'2023-01-21 01:00:41.780462');
INSERT INTO "django_admin_log" VALUES(93,'7','Susan Anderson',2,'[{"changed": {"fields": ["Grade"]}}]',9,1,'2023-01-21 01:01:08.002477');
INSERT INTO "django_admin_log" VALUES(94,'11','test',1,'[{"added": {}}]',8,1,'2023-01-21 04:02:58.748733');
INSERT INTO "django_admin_log" VALUES(95,'11','test',3,'',8,1,'2023-01-21 04:03:14.339337');
INSERT INTO "django_admin_log" VALUES(96,'12','test',1,'[{"added": {}}]',8,1,'2023-01-21 04:11:08.246615');
INSERT INTO "django_admin_log" VALUES(97,'12','test',2,'[{"changed": {"fields": ["Points"]}}]',8,1,'2023-01-21 05:22:44.416626');
INSERT INTO "django_admin_log" VALUES(98,'12','test',3,'',8,1,'2023-01-21 05:27:32.205163');
INSERT INTO "django_admin_log" VALUES(99,'13','test',1,'[{"added": {}}]',8,1,'2023-01-21 05:32:30.928055');
INSERT INTO "django_admin_log" VALUES(100,'13','test',3,'',8,1,'2023-01-21 05:39:09.177032');
INSERT INTO "django_admin_log" VALUES(101,'14','test',1,'[{"added": {}}]',8,1,'2023-01-21 06:00:12.479929');
INSERT INTO "django_admin_log" VALUES(102,'14','test',3,'',8,1,'2023-01-21 12:30:21.632008');
INSERT INTO "django_admin_log" VALUES(103,'15','test',1,'[{"added": {}}]',8,1,'2023-01-21 12:48:10.626934');
INSERT INTO "django_admin_log" VALUES(104,'15','test',3,'',8,1,'2023-01-21 12:53:47.750337');
INSERT INTO "django_admin_log" VALUES(105,'16','test',1,'[{"added": {}}]',8,1,'2023-01-21 12:57:58.715576');
INSERT INTO "django_admin_log" VALUES(106,'16','test',3,'',8,1,'2023-01-21 14:18:50.254474');
INSERT INTO "django_admin_log" VALUES(107,'17','test',1,'[{"added": {}}]',8,1,'2023-01-21 18:02:19.140077');
INSERT INTO "django_admin_log" VALUES(108,'1','Siddharth Radhakrishnan',2,'[{"changed": {"fields": ["Points"]}}]',9,1,'2023-01-21 18:11:33.965853');
INSERT INTO "django_admin_log" VALUES(109,'5','Brandon Pham',2,'[{"changed": {"fields": ["Grade"]}}]',9,1,'2023-01-26 21:38:50.735603');
INSERT INTO "django_admin_log" VALUES(110,'17','test',3,'',8,1,'2023-03-16 21:34:57.819410');
INSERT INTO "django_admin_log" VALUES(111,'10','Mustang Puzzle Competition',2,'[{"changed": {"fields": ["Event id"]}}]',8,1,'2023-03-16 21:35:04.719782');
INSERT INTO "django_admin_log" VALUES(112,'1','Siddharth Radhakrishnan',2,'[{"changed": {"fields": ["Points"]}}]',9,1,'2023-03-17 04:22:41.792206');
INSERT INTO "django_admin_log" VALUES(113,'10','Mustang Puzzle Competition',2,'[{"changed": {"fields": ["Attendees"]}}]',8,1,'2023-03-17 04:24:13.785121');
INSERT INTO "django_admin_log" VALUES(114,'10','Mustang Puzzle Competition',2,'[{"changed": {"fields": ["Attendees"]}}]',8,1,'2023-03-17 04:24:28.290080');
INSERT INTO "django_admin_log" VALUES(115,'11','test',1,'[{"added": {}}]',8,1,'2023-03-17 04:25:57.492132');
INSERT INTO "django_admin_log" VALUES(116,'11','test',2,'[{"changed": {"fields": ["Attendees"]}}]',8,1,'2023-03-17 04:39:26.399014');
INSERT INTO "django_admin_log" VALUES(117,'3','Vyas Sriman',2,'[{"changed": {"fields": ["Points"]}}]',9,1,'2023-03-22 04:29:34.517490');
INSERT INTO "django_admin_log" VALUES(118,'10','256346',1,'[{"added": {}}]',4,1,'2023-03-22 04:30:07.510954');
INSERT INTO "django_admin_log" VALUES(119,'8','Nathan Bert',1,'[{"added": {}}]',9,1,'2023-03-22 04:30:48.667669');
INSERT INTO "django_admin_log" VALUES(120,'11','test',3,'',8,1,'2023-03-22 05:47:31.574241');
INSERT INTO "django_admin_log" VALUES(121,'10','Mustang Puzzle Competition',2,'[{"changed": {"fields": ["Date"]}}]',8,1,'2023-03-22 05:47:39.953489');
INSERT INTO "django_admin_log" VALUES(122,'9','Mu Alpha Theta Donation Drive',2,'[{"changed": {"fields": ["Date", "Event id"]}}]',8,1,'2023-03-22 05:47:59.005948');
INSERT INTO "django_admin_log" VALUES(123,'10','Mustang Puzzle Competition',2,'[{"changed": {"fields": ["Event id"]}}]',8,1,'2023-03-22 05:48:04.652753');
INSERT INTO "django_admin_log" VALUES(124,'8','Model UN Animal Conference',2,'[{"changed": {"fields": ["Event id"]}}]',8,1,'2023-03-22 05:48:12.318980');
INSERT INTO "django_admin_log" VALUES(125,'8','Model UN Animal Conference',2,'[{"changed": {"fields": ["Date"]}}]',8,1,'2023-03-22 05:48:19.208719');
INSERT INTO "django_admin_log" VALUES(126,'10','Mustang Puzzle Competition',2,'[{"changed": {"fields": ["Date"]}}]',8,1,'2023-03-22 05:48:26.324908');
INSERT INTO "django_admin_log" VALUES(127,'10','Mustang Puzzle Competition',2,'[{"changed": {"fields": ["Date"]}}]',8,1,'2023-03-22 05:49:08.886655');
INSERT INTO "django_admin_log" VALUES(128,'9','Mu Alpha Theta Donation Drive',2,'[{"changed": {"fields": ["Date"]}}]',8,1,'2023-03-22 05:49:21.306142');
INSERT INTO "django_admin_log" VALUES(129,'1','Football Game vs. Bridgeland',2,'[{"changed": {"fields": ["Date", "Event id"]}}]',8,1,'2023-03-22 05:49:38.504541');
INSERT INTO "django_admin_log" VALUES(130,'2','FBLA Chick-fil-A Social',2,'[{"changed": {"fields": ["Date", "Event id"]}}]',8,1,'2023-03-22 05:49:54.071752');
INSERT INTO "django_admin_log" VALUES(131,'1','Football Game vs. Bridgeland',2,'[{"changed": {"fields": ["Date"]}}]',8,1,'2023-03-22 05:49:59.831533');
INSERT INTO "django_admin_log" VALUES(132,'3','Key Club Social',2,'[{"changed": {"fields": ["Date", "Event id"]}}]',8,1,'2023-03-22 05:50:22.050743');
INSERT INTO "django_admin_log" VALUES(133,'4','Golf Game vs. CyWoods',2,'[{"changed": {"fields": ["Date", "Event id"]}}]',8,1,'2023-03-22 05:50:32.478131');
INSERT INTO "django_admin_log" VALUES(134,'5','Tennis Game vs. CySpring',2,'[{"changed": {"fields": ["Date", "Event id"]}}]',8,1,'2023-03-22 05:50:42.039732');
INSERT INTO "django_admin_log" VALUES(135,'6','Girls Basketball Game vs. CySprings',2,'[{"changed": {"fields": ["Date", "Event id"]}}]',8,1,'2023-03-22 05:50:56.613923');
INSERT INTO "django_admin_log" VALUES(136,'7','Wrestling Game vs. CyPark',2,'[{"changed": {"fields": ["Date", "Event id"]}}]',8,1,'2023-03-22 05:51:09.712373');
INSERT INTO "django_admin_log" VALUES(137,'8','Model UN Animal Conference',2,'[]',8,1,'2023-03-22 05:51:14.541265');
INSERT INTO "django_admin_log" VALUES(138,'12','test',1,'[{"added": {}}]',8,1,'2023-03-22 06:39:18.534697');
INSERT INTO "django_admin_log" VALUES(139,'12','test',3,'',8,1,'2023-03-22 06:53:05.448594');
INSERT INTO "django_admin_log" VALUES(140,'11','554686',1,'[{"added": {}}]',4,1,'2023-03-23 02:07:47.188510');
INSERT INTO "django_admin_log" VALUES(141,'9','Jagadeep Kalluri',1,'[{"added": {}}]',9,1,'2023-03-23 02:08:26.737789');
INSERT INTO "django_admin_log" VALUES(142,'9','Jagadeep Kalluri',2,'[{"changed": {"fields": ["Points"]}}]',9,1,'2023-03-23 02:09:00.124106');
INSERT INTO "django_admin_log" VALUES(143,'12','112345',1,'[{"added": {}}]',4,1,'2023-03-23 02:09:45.204524');
INSERT INTO "django_admin_log" VALUES(144,'10','Sam Capistrant',1,'[{"added": {}}]',9,1,'2023-03-23 02:10:13.569590');
INSERT INTO "django_admin_log" VALUES(145,'10','Sam Capistrant',2,'[{"changed": {"fields": ["Points"]}}]',9,1,'2023-03-23 02:10:19.907191');
INSERT INTO "django_admin_log" VALUES(146,'13','vxvd',1,'[{"added": {}}]',8,1,'2023-03-23 04:23:35.524149');
INSERT INTO "django_admin_log" VALUES(147,'13','vxvd',2,'[{"changed": {"fields": ["Date"]}}]',8,1,'2023-03-23 04:23:58.215019');
INSERT INTO "django_admin_log" VALUES(148,'13','vxvd',3,'',8,1,'2023-03-23 04:26:38.488594');
INSERT INTO "django_admin_log" VALUES(149,'14','Test',1,'[{"added": {}}]',8,1,'2023-03-23 04:56:02.983399');
CREATE INDEX IF NOT EXISTS "CyRanch_Connect_event_event_id_cf6637c4" ON "CyRanch_Connect_event" ("event_id");
CREATE UNIQUE INDEX "CyRanch_Connect_event_attendees_event_id_student_id_fdce72e8_uniq" ON "CyRanch_Connect_event_attendees" ("event_id", "student_id");
CREATE INDEX IF NOT EXISTS "CyRanch_Connect_event_attendees_event_id_1aa4fa3e" ON "CyRanch_Connect_event_attendees" ("event_id");
CREATE INDEX IF NOT EXISTS "CyRanch_Connect_event_attendees_student_id_bf03ef63" ON "CyRanch_Connect_event_attendees" ("student_id");
CREATE INDEX IF NOT EXISTS "CyRanch_Connect_prize_event_id_48d0deb2" ON "CyRanch_Connect_prize" ("event_id");
CREATE UNIQUE INDEX "auth_group_permissions_group_id_permission_id_0cd325b0_uniq" ON "auth_group_permissions" ("group_id", "permission_id");
CREATE INDEX IF NOT EXISTS "auth_group_permissions_group_id_b120cbf9" ON "auth_group_permissions" ("group_id");
CREATE INDEX IF NOT EXISTS "auth_group_permissions_permission_id_84c5c92e" ON "auth_group_permissions" ("permission_id");
CREATE UNIQUE INDEX "auth_permission_content_type_id_codename_01ab375a_uniq" ON "auth_permission" ("content_type_id", "codename");
CREATE INDEX IF NOT EXISTS "auth_permission_content_type_id_2f476e4b" ON "auth_permission" ("content_type_id");
CREATE UNIQUE INDEX "auth_user_groups_user_id_group_id_94350c0c_uniq" ON "auth_user_groups" ("user_id", "group_id");
CREATE INDEX IF NOT EXISTS "auth_user_groups_user_id_6a12ed8b" ON "auth_user_groups" ("user_id");
CREATE INDEX IF NOT EXISTS "auth_user_groups_group_id_97559544" ON "auth_user_groups" ("group_id");
CREATE UNIQUE INDEX "auth_user_user_permissions_user_id_permission_id_14a6b632_uniq" ON "auth_user_user_permissions" ("user_id", "permission_id");
CREATE INDEX IF NOT EXISTS "auth_user_user_permissions_user_id_a95ead1b" ON "auth_user_user_permissions" ("user_id");
CREATE INDEX IF NOT EXISTS "auth_user_user_permissions_permission_id_1fbb5f2c" ON "auth_user_user_permissions" ("permission_id");
CREATE INDEX IF NOT EXISTS "django_admin_log_content_type_id_c4bce8eb" ON "django_admin_log" ("content_type_id");
CREATE INDEX IF NOT EXISTS "django_admin_log_user_id_c564eba6" ON "django_admin_log" ("user_id");
CREATE UNIQUE INDEX "django_content_type_app_label_model_76bd3d3b_uniq" ON "django_content_type" ("app_label", "model");
CREATE INDEX IF NOT EXISTS "django_session_expire_date_a5c62663" ON "django_session" ("expire_date");
CREATE TABLE IF NOT EXISTS "django_content_type" ("id" integer NOT NULL PRIMARY KEY AUTOINCREMENT, "app_label" varchar(100) NOT NULL, "model" varchar(100) NOT NULL);
INSERT INTO "django_content_type" VALUES(1,'admin','logentry');
INSERT INTO "django_content_type" VALUES(2,'auth','permission');
INSERT INTO "django_content_type" VALUES(3,'auth','group');
INSERT INTO "django_content_type" VALUES(4,'auth','user');
INSERT INTO "django_content_type" VALUES(5,'contenttypes','contenttype');
INSERT INTO "django_content_type" VALUES(6,'sessions','session');
INSERT INTO "django_content_type" VALUES(7,'CyRanch_Connect','prize');
INSERT INTO "django_content_type" VALUES(8,'CyRanch_Connect','event');
INSERT INTO "django_content_type" VALUES(9,'CyRanch_Connect','student');
INSERT INTO "django_content_type" VALUES(10,'admin_interface','theme');
CREATE INDEX IF NOT EXISTS "CyRanch_Connect_event_event_id_cf6637c4" ON "CyRanch_Connect_event" ("event_id");
CREATE UNIQUE INDEX "CyRanch_Connect_event_attendees_event_id_student_id_fdce72e8_uniq" ON "CyRanch_Connect_event_attendees" ("event_id", "student_id");
CREATE INDEX IF NOT EXISTS "CyRanch_Connect_event_attendees_event_id_1aa4fa3e" ON "CyRanch_Connect_event_attendees" ("event_id");
CREATE INDEX IF NOT EXISTS "CyRanch_Connect_event_attendees_student_id_bf03ef63" ON "CyRanch_Connect_event_attendees" ("student_id");
CREATE INDEX IF NOT EXISTS "CyRanch_Connect_prize_event_id_48d0deb2" ON "CyRanch_Connect_prize" ("event_id");
CREATE UNIQUE INDEX "auth_group_permissions_group_id_permission_id_0cd325b0_uniq" ON "auth_group_permissions" ("group_id", "permission_id");
CREATE INDEX IF NOT EXISTS "auth_group_permissions_group_id_b120cbf9" ON "auth_group_permissions" ("group_id");
CREATE INDEX IF NOT EXISTS "auth_group_permissions_permission_id_84c5c92e" ON "auth_group_permissions" ("permission_id");
CREATE UNIQUE INDEX "auth_permission_content_type_id_codename_01ab375a_uniq" ON "auth_permission" ("content_type_id", "codename");
CREATE INDEX IF NOT EXISTS "auth_permission_content_type_id_2f476e4b" ON "auth_permission" ("content_type_id");
CREATE UNIQUE INDEX "auth_user_groups_user_id_group_id_94350c0c_uniq" ON "auth_user_groups" ("user_id", "group_id");
CREATE INDEX IF NOT EXISTS "auth_user_groups_user_id_6a12ed8b" ON "auth_user_groups" ("user_id");
CREATE INDEX IF NOT EXISTS "auth_user_groups_group_id_97559544" ON "auth_user_groups" ("group_id");
CREATE UNIQUE INDEX "auth_user_user_permissions_user_id_permission_id_14a6b632_uniq" ON "auth_user_user_permissions" ("user_id", "permission_id");
CREATE INDEX IF NOT EXISTS "auth_user_user_permissions_user_id_a95ead1b" ON "auth_user_user_permissions" ("user_id");
CREATE INDEX IF NOT EXISTS "auth_user_user_permissions_permission_id_1fbb5f2c" ON "auth_user_user_permissions" ("permission_id");
CREATE INDEX IF NOT EXISTS "django_admin_log_content_type_id_c4bce8eb" ON "django_admin_log" ("content_type_id");
CREATE INDEX IF NOT EXISTS "django_admin_log_user_id_c564eba6" ON "django_admin_log" ("user_id");
CREATE UNIQUE INDEX "django_content_type_app_label_model_76bd3d3b_uniq" ON "django_content_type" ("app_label", "model");
CREATE INDEX IF NOT EXISTS "django_session_expire_date_a5c62663" ON "django_session" ("expire_date");
CREATE TABLE IF NOT EXISTS "django_migrations" ("id" integer NOT NULL PRIMARY KEY AUTOINCREMENT, "app" varchar(255) NOT NULL, "name" varchar(255) NOT NULL, "applied" datetime NOT NULL);
INSERT INTO "django_migrations" VALUES(1,'contenttypes','0001_initial','2023-01-16 00:50:08.850250');
INSERT INTO "django_migrations" VALUES(2,'auth','0001_initial','2023-01-16 00:50:08.866363');
INSERT INTO "django_migrations" VALUES(3,'admin','0001_initial','2023-01-16 00:50:08.887441');
INSERT INTO "django_migrations" VALUES(4,'admin','0002_logentry_remove_auto_add','2023-01-16 00:50:08.896873');
INSERT INTO "django_migrations" VALUES(5,'admin','0003_logentry_add_action_flag_choices','2023-01-16 00:50:08.904703');
INSERT INTO "django_migrations" VALUES(6,'contenttypes','0002_remove_content_type_name','2023-01-16 00:50:08.917674');
INSERT INTO "django_migrations" VALUES(7,'auth','0002_alter_permission_name_max_length','2023-01-16 00:50:08.927769');
INSERT INTO "django_migrations" VALUES(8,'auth','0003_alter_user_email_max_length','2023-01-16 00:50:08.937468');
INSERT INTO "django_migrations" VALUES(9,'auth','0004_alter_user_username_opts','2023-01-16 00:50:08.947556');
INSERT INTO "django_migrations" VALUES(10,'auth','0005_alter_user_last_login_null','2023-01-16 00:50:08.957601');
INSERT INTO "django_migrations" VALUES(11,'auth','0006_require_contenttypes_0002','2023-01-16 00:50:08.962185');
INSERT INTO "django_migrations" VALUES(12,'auth','0007_alter_validators_add_error_messages','2023-01-16 00:50:08.969613');
INSERT INTO "django_migrations" VALUES(13,'auth','0008_alter_user_username_max_length','2023-01-16 00:50:08.978743');
INSERT INTO "django_migrations" VALUES(14,'auth','0009_alter_user_last_name_max_length','2023-01-16 00:50:08.988198');
INSERT INTO "django_migrations" VALUES(15,'auth','0010_alter_group_name_max_length','2023-01-16 00:50:08.997351');
INSERT INTO "django_migrations" VALUES(16,'auth','0011_update_proxy_permissions','2023-01-16 00:50:09.003945');
INSERT INTO "django_migrations" VALUES(17,'auth','0012_alter_user_first_name_max_length','2023-01-16 00:50:09.013635');
INSERT INTO "django_migrations" VALUES(18,'sessions','0001_initial','2023-01-16 00:50:09.023137');
INSERT INTO "django_migrations" VALUES(19,'CyRanch_Connect','0001_initial','2023-01-16 00:50:12.573232');
INSERT INTO "django_migrations" VALUES(20,'CyRanch_Connect','0002_student_user','2023-01-16 03:31:48.878111');
INSERT INTO "django_migrations" VALUES(21,'CyRanch_Connect','0003_alter_student_user','2023-01-16 03:33:39.814370');
INSERT INTO "django_migrations" VALUES(22,'CyRanch_Connect','0004_prize_description_prize_name_prize_price_prize_slug_and_more','2023-01-17 04:02:08.551778');
INSERT INTO "django_migrations" VALUES(23,'CyRanch_Connect','0005_alter_student_user','2023-01-17 12:07:46.797403');
INSERT INTO "django_migrations" VALUES(24,'CyRanch_Connect','0006_student_grade','2023-01-17 12:38:02.078868');
INSERT INTO "django_migrations" VALUES(25,'admin_interface','0001_initial','2023-01-18 01:46:39.598175');
INSERT INTO "django_migrations" VALUES(26,'admin_interface','0002_add_related_modal','2023-01-18 01:46:39.616283');
INSERT INTO "django_migrations" VALUES(27,'admin_interface','0003_add_logo_color','2023-01-18 01:46:39.626260');
INSERT INTO "django_migrations" VALUES(28,'admin_interface','0004_rename_title_color','2023-01-18 01:46:39.639404');
INSERT INTO "django_migrations" VALUES(29,'admin_interface','0005_add_recent_actions_visible','2023-01-18 01:46:39.645908');
INSERT INTO "django_migrations" VALUES(30,'admin_interface','0006_bytes_to_str','2023-01-18 01:46:39.725877');
INSERT INTO "django_migrations" VALUES(31,'admin_interface','0007_add_favicon','2023-01-18 01:46:39.736930');
INSERT INTO "django_migrations" VALUES(32,'admin_interface','0008_change_related_modal_background_opacity_type','2023-01-18 01:46:39.746243');
INSERT INTO "django_migrations" VALUES(33,'admin_interface','0009_add_enviroment','2023-01-18 01:46:39.760538');
INSERT INTO "django_migrations" VALUES(34,'admin_interface','0010_add_localization','2023-01-18 01:46:39.771076');
INSERT INTO "django_migrations" VALUES(35,'admin_interface','0011_add_environment_options','2023-01-18 01:46:39.791147');
INSERT INTO "django_migrations" VALUES(36,'admin_interface','0012_update_verbose_names','2023-01-18 01:46:39.800477');
INSERT INTO "django_migrations" VALUES(37,'admin_interface','0013_add_related_modal_close_button','2023-01-18 01:46:39.810996');
INSERT INTO "django_migrations" VALUES(38,'admin_interface','0014_name_unique','2023-01-18 01:46:39.817021');
INSERT INTO "django_migrations" VALUES(39,'admin_interface','0015_add_language_chooser_active','2023-01-18 01:46:39.830712');
INSERT INTO "django_migrations" VALUES(40,'admin_interface','0016_add_language_chooser_display','2023-01-18 01:46:39.839262');
INSERT INTO "django_migrations" VALUES(41,'admin_interface','0017_change_list_filter_dropdown','2023-01-18 01:46:39.848361');
INSERT INTO "django_migrations" VALUES(42,'admin_interface','0018_theme_list_filter_sticky','2023-01-18 01:46:39.856647');
INSERT INTO "django_migrations" VALUES(43,'admin_interface','0019_add_form_sticky','2023-01-18 01:46:39.870351');
INSERT INTO "django_migrations" VALUES(44,'admin_interface','0020_module_selected_colors','2023-01-18 01:46:39.888629');
INSERT INTO "django_migrations" VALUES(45,'admin_interface','0021_file_extension_validator','2023-01-18 01:46:39.896196');
INSERT INTO "django_migrations" VALUES(46,'admin_interface','0022_add_logo_max_width_and_height','2023-01-18 01:46:39.911122');
INSERT INTO "django_migrations" VALUES(47,'admin_interface','0023_theme_foldable_apps','2023-01-18 01:46:39.921364');
INSERT INTO "django_migrations" VALUES(48,'admin_interface','0024_remove_theme_css','2023-01-18 01:46:39.928713');
INSERT INTO "django_migrations" VALUES(49,'admin_interface','0025_theme_language_chooser_control','2023-01-18 01:46:39.937976');
INSERT INTO "django_migrations" VALUES(50,'admin_interface','0026_theme_list_filter_highlight','2023-01-18 01:46:39.947188');
INSERT INTO "django_migrations" VALUES(51,'admin_interface','0027_theme_list_filter_removal_links','2023-01-18 01:46:39.958500');
INSERT INTO "django_migrations" VALUES(52,'admin_interface','0028_theme_show_fieldsets_as_tabs_and_more','2023-01-18 01:46:39.972721');
INSERT INTO "django_migrations" VALUES(53,'CyRanch_Connect','0007_alter_student_options','2023-01-19 01:02:46.115216');
INSERT INTO "django_migrations" VALUES(54,'CyRanch_Connect','0008_alter_student_grade','2023-01-21 01:00:28.023053');
INSERT INTO "django_migrations" VALUES(55,'CyRanch_Connect','0009_event_slug','2023-03-16 21:15:02.305451');
INSERT INTO "django_migrations" VALUES(56,'CyRanch_Connect','0010_remove_prize_slug_prize_event_id','2023-03-16 21:19:55.475901');
INSERT INTO "django_migrations" VALUES(57,'CyRanch_Connect','0011_rename_slug_event_event_id','2023-03-16 21:23:11.990153');
INSERT INTO "django_migrations" VALUES(58,'CyRanch_Connect','0012_event_token','2023-03-17 03:35:20.823652');
INSERT INTO "django_migrations" VALUES(59,'CyRanch_Connect','0013_alter_event_token','2023-03-17 03:35:20.836109');
INSERT INTO "django_migrations" VALUES(60,'CyRanch_Connect','0014_remove_student_events_event_attendees','2023-03-17 04:21:40.858636');
INSERT INTO "django_migrations" VALUES(61,'CyRanch_Connect','0015_alter_event_attendees','2023-03-17 04:38:39.613890');
CREATE INDEX IF NOT EXISTS "CyRanch_Connect_event_event_id_cf6637c4" ON "CyRanch_Connect_event" ("event_id");
CREATE UNIQUE INDEX "CyRanch_Connect_event_attendees_event_id_student_id_fdce72e8_uniq" ON "CyRanch_Connect_event_attendees" ("event_id", "student_id");
CREATE INDEX IF NOT EXISTS "CyRanch_Connect_event_attendees_event_id_1aa4fa3e" ON "CyRanch_Connect_event_attendees" ("event_id");
CREATE INDEX IF NOT EXISTS "CyRanch_Connect_event_attendees_student_id_bf03ef63" ON "CyRanch_Connect_event_attendees" ("student_id");
CREATE INDEX IF NOT EXISTS "CyRanch_Connect_prize_event_id_48d0deb2" ON "CyRanch_Connect_prize" ("event_id");
CREATE UNIQUE INDEX "auth_group_permissions_group_id_permission_id_0cd325b0_uniq" ON "auth_group_permissions" ("group_id", "permission_id");
CREATE INDEX IF NOT EXISTS "auth_group_permissions_group_id_b120cbf9" ON "auth_group_permissions" ("group_id");
CREATE INDEX IF NOT EXISTS "auth_group_permissions_permission_id_84c5c92e" ON "auth_group_permissions" ("permission_id");
CREATE UNIQUE INDEX "auth_permission_content_type_id_codename_01ab375a_uniq" ON "auth_permission" ("content_type_id", "codename");
CREATE INDEX IF NOT EXISTS "auth_permission_content_type_id_2f476e4b" ON "auth_permission" ("content_type_id");
CREATE UNIQUE INDEX "auth_user_groups_user_id_group_id_94350c0c_uniq" ON "auth_user_groups" ("user_id", "group_id");
CREATE INDEX IF NOT EXISTS "auth_user_groups_user_id_6a12ed8b" ON "auth_user_groups" ("user_id");
CREATE INDEX IF NOT EXISTS "auth_user_groups_group_id_97559544" ON "auth_user_groups" ("group_id");
CREATE UNIQUE INDEX "auth_user_user_permissions_user_id_permission_id_14a6b632_uniq" ON "auth_user_user_permissions" ("user_id", "permission_id");
CREATE INDEX IF NOT EXISTS "auth_user_user_permissions_user_id_a95ead1b" ON "auth_user_user_permissions" ("user_id");
CREATE INDEX IF NOT EXISTS "auth_user_user_permissions_permission_id_1fbb5f2c" ON "auth_user_user_permissions" ("permission_id");
CREATE INDEX IF NOT EXISTS "django_admin_log_content_type_id_c4bce8eb" ON "django_admin_log" ("content_type_id");
CREATE INDEX IF NOT EXISTS "django_admin_log_user_id_c564eba6" ON "django_admin_log" ("user_id");
CREATE UNIQUE INDEX "django_content_type_app_label_model_76bd3d3b_uniq" ON "django_content_type" ("app_label", "model");
CREATE INDEX IF NOT EXISTS "django_session_expire_date_a5c62663" ON "django_session" ("expire_date");
CREATE TABLE IF NOT EXISTS "django_session" ("session_key" varchar(40) NOT NULL PRIMARY KEY, "session_data" text NOT NULL, "expire_date" datetime NOT NULL);
INSERT INTO "django_session" VALUES('z3cojh447nplcwmx05aeprj8muei2287','.eJxVjDsOwjAUBO_iGln4k8SmpM8ZIr_nNQ4gW4qTCnF3iJQC2p2ZfYkpbGuetoZlmqO4CCVOvxsFfqDsIN5DuVXJtazLTHJX5EGbHGvE83q4fwc5tPytwwAaOuDMujPwpBkO1JMj4wHrKCSVYJjgdB-R2FttHRv2jlOnlHh_ACNvOWU:1pL9vp:KC6cWtJwK8wh48bYyqi4waYMf6IOFChbEJKEZmxCel8','2023-02-09 21:37:17.380931');
INSERT INTO "django_session" VALUES('v0qwyngxaalzweunkppzndwh26qj1efi','e30:1pd1UZ:fLukUYebikPuDihFOqSsJHo12rxA7Jkw9GZdX8jjj_Q','2023-03-31 04:14:59.137853');
INSERT INTO "django_session" VALUES('xxqp14zw2j34ilun3qrhrdiz941dmdiq','e30:1pd1V5:SQCkBOUQTDp00xoyu2IyxvYhhnoC1JIYQ75xjqwZ5Lw','2023-03-31 04:15:31.518557');
INSERT INTO "django_session" VALUES('wgf46masequigl7fkrqod14vb7sxx9d2','.eJxVjDsOwjAUBO_iGln4k8SmpM8ZIr_nNQ4gW4qTCnF3iJQC2p2ZfYkpbGuetoZlmqO4CCVOvxsFfqDsIN5DuVXJtazLTHJX5EGbHGvE83q4fwc5tPytwwAaOuDMujPwpBkO1JMj4wHrKCSVYJjgdB-R2FttHRv2jlOnlHh_ACNvOWU:1pd1YN:OW8K76xZ_3s52zYT1APeXcVsgoPGLTEzcQ3U86yv0-k','2023-03-31 04:18:55.531033');
INSERT INTO "django_session" VALUES('0qoyf9jcezw2r24d3rduvppsgpcfhede','.eJxVjDsOwjAUBO_iGln4k8SmpM8ZIr_nNQ4gW4qTCnF3iJQC2p2ZfYkpbGuetoZlmqO4CCVOvxsFfqDsIN5DuVXJtazLTHJX5EGbHGvE83q4fwc5tPytwwAaOuDMujPwpBkO1JMj4wHrKCSVYJjgdB-R2FttHRv2jlOnlHh_ACNvOWU:1pdC3L:JkIAaxSc4YxkGLB6OayvK8cgeqJIxqjFDk7EmEdFXgU','2023-03-31 15:31:35.155188');
INSERT INTO "django_session" VALUES('14s434vxc6d7dxglyg78gfjkrj7da0yc','.eJxVjDsOwjAUBO_iGln4k8SmpM8ZIr_nNQ4gW4qTCnF3iJQC2p2ZfYkpbGuetoZlmqO4CCVOvxsFfqDsIN5DuVXJtazLTHJX5EGbHGvE83q4fwc5tPytwwAaOuDMujPwpBkO1JMj4wHrKCSVYJjgdB-R2FttHRv2jlOnlHh_ACNvOWU:1pdCLL:iS1ACemsyIwdGknuL0G63-53UjOOPZkc1uwuNGagEvY','2023-03-31 15:50:11.238693');
INSERT INTO "django_session" VALUES('m6w84uch5mi846x2m0dtw9g9pe63ktye','.eJxVjDEOwjAMRe-SGUVtYlOFkZ0zRI7tkAJKpaadKu4OlTrA-t97fzOR1qXEtekcRzEX48zpd0vET607kAfV-2R5qss8Jrsr9qDN3ibR1_Vw_w4KtfKtsZOs2jMFBnBez5w0eSRAB46RYQiMWUm0G3pMnJmygvfBO1F2bN4fD9M5Qg:1permI:U36XOIFtKFkgv5tkY_nBWqnisebccDDzzhcb2_dgrCc','2023-04-05 06:16:54.568620');
INSERT INTO "django_session" VALUES('6xavs7wv6nqf4gg4of0h8b5zvozlgsdp','.eJxVjDsOwjAUBO_iGln4k8SmpM8ZIr_nNQ4gW4qTCnF3iJQC2p2ZfYkpbGuetoZlmqO4CCVOvxsFfqDsIN5DuVXJtazLTHJX5EGbHGvE83q4fwc5tPytwwAaOuDMujPwpBkO1JMj4wHrKCSVYJjgdB-R2FttHRv2jlOnlHh_ACNvOWU:1pes67:gQLFnDfqHrw8iWFMlieVRV4i11TIs_IA0xKP8DX3ax0','2023-04-05 06:37:23.212060');
INSERT INTO "django_session" VALUES('qqkshewlew6rzh25gojhtc1gc0c4mvj5','.eJxVjDsOwjAUBO_iGln4k8SmpM8ZIr_nNQ4gW4qTCnF3iJQC2p2ZfYkpbGuetoZlmqO4CCVOvxsFfqDsIN5DuVXJtazLTHJX5EGbHGvE83q4fwc5tPytwwAaOuDMujPwpBkO1JMj4wHrKCSVYJjgdB-R2FttHRv2jlOnlHh_ACNvOWU:1pfAyj:MstCzOQ3sh2VS7uXfqRAxTvBNypcKsI5biWp3SLtO2g','2023-04-06 02:47:01.791540');
INSERT INTO "django_session" VALUES('fz469viviaqg2auh61wtszokilztsdon','.eJxVjDsOwjAUBO_iGln4k8SmpM8ZIr_nNQ4gW4qTCnF3iJQC2p2ZfYkpbGuetoZlmqO4CCVOvxsFfqDsIN5DuVXJtazLTHJX5EGbHGvE83q4fwc5tPytwwAaOuDMujPwpBkO1JMj4wHrKCSVYJjgdB-R2FttHRv2jlOnlHh_ACNvOWU:1pfCyn:txlkL6C9Xwfyj481K-loUThcy4kZOnsMtcvdNBUlZvQ','2023-04-06 04:55:13.087072');
CREATE INDEX IF NOT EXISTS "CyRanch_Connect_event_event_id_cf6637c4" ON "CyRanch_Connect_event" ("event_id");
CREATE UNIQUE INDEX "CyRanch_Connect_event_attendees_event_id_student_id_fdce72e8_uniq" ON "CyRanch_Connect_event_attendees" ("event_id", "student_id");
CREATE INDEX IF NOT EXISTS "CyRanch_Connect_event_attendees_event_id_1aa4fa3e" ON "CyRanch_Connect_event_attendees" ("event_id");
CREATE INDEX IF NOT EXISTS "CyRanch_Connect_event_attendees_student_id_bf03ef63" ON "CyRanch_Connect_event_attendees" ("student_id");
CREATE INDEX IF NOT EXISTS "CyRanch_Connect_prize_event_id_48d0deb2" ON "CyRanch_Connect_prize" ("event_id");
CREATE UNIQUE INDEX "auth_group_permissions_group_id_permission_id_0cd325b0_uniq" ON "auth_group_permissions" ("group_id", "permission_id");
CREATE INDEX IF NOT EXISTS "auth_group_permissions_group_id_b120cbf9" ON "auth_group_permissions" ("group_id");
CREATE INDEX IF NOT EXISTS "auth_group_permissions_permission_id_84c5c92e" ON "auth_group_permissions" ("permission_id");
CREATE UNIQUE INDEX "auth_permission_content_type_id_codename_01ab375a_uniq" ON "auth_permission" ("content_type_id", "codename");
CREATE INDEX IF NOT EXISTS "auth_permission_content_type_id_2f476e4b" ON "auth_permission" ("content_type_id");
CREATE UNIQUE INDEX "auth_user_groups_user_id_group_id_94350c0c_uniq" ON "auth_user_groups" ("user_id", "group_id");
CREATE INDEX IF NOT EXISTS "auth_user_groups_user_id_6a12ed8b" ON "auth_user_groups" ("user_id");
CREATE INDEX IF NOT EXISTS "auth_user_groups_group_id_97559544" ON "auth_user_groups" ("group_id");
CREATE UNIQUE INDEX "auth_user_user_permissions_user_id_permission_id_14a6b632_uniq" ON "auth_user_user_permissions" ("user_id", "permission_id");
CREATE INDEX IF NOT EXISTS "auth_user_user_permissions_user_id_a95ead1b" ON "auth_user_user_permissions" ("user_id");
CREATE INDEX IF NOT EXISTS "auth_user_user_permissions_permission_id_1fbb5f2c" ON "auth_user_user_permissions" ("permission_id");
CREATE INDEX IF NOT EXISTS "django_admin_log_content_type_id_c4bce8eb" ON "django_admin_log" ("content_type_id");
CREATE INDEX IF NOT EXISTS "django_admin_log_user_id_c564eba6" ON "django_admin_log" ("user_id");
CREATE UNIQUE INDEX "django_content_type_app_label_model_76bd3d3b_uniq" ON "django_content_type" ("app_label", "model");
CREATE INDEX IF NOT EXISTS "django_session_expire_date_a5c62663" ON "django_session" ("expire_date");
